A1,A2,A3,A4,A5,A6,A7,A8,A9,A10,A11,A12,A13,A14,A15
-1.62193996,-1.742626393,-0.652735123,-0.642397452,-0.066959452,-1.0202879,-1.472627892,-0.140411774,1.117565118,-1.825015081,-0.220226363,-0.742160785,0.176804169,-0.545218527,0.422186289
-0.121155293,-0.919256905,2.177400651,-1.04801278,1.355828576,-0.667964369,-0.554764238,0.7024321,0.17175277,0.332100492,-1.090830963,0.052684546,1.512395421,0.882351184,-3.264815937
-0.613769507,-1.082772726,-0.635542636,-0.689442866,-0.398082571,-2.252442956,-0.569367735,-1.132824646,-0.494255796,-1.364484344,-0.435287322,0.73219762,1.298104952,0.345515941,-0.796951876
-0.803521348,-1.482641183,-1.113383281,-1.369412065,0.505597432,-0.612842171,-0.130598147,0.489672741,0.364258202,-1.653525858,-1.273658772,1.210958474,-0.418094658,1.125422162,-0.204624924
-0.235241235,0.100946189,0.71737485,-0.829476706,-0.660715184,0.33528768,-2.561596624,0.481693703,0.332689675,0.966853118,0.372825096,0.682754819,0.09820189,-1.273649396,0.089356539
0.136395146,-0.344727646,0.491101301,-0.984124804,0.403817314,1.738438005,-0.715670218,0.137056523,0.677571763,1.363968623,0.07187732,1.010518444,-0.176656391,0.488172338,0.492720441
1.110982041,0.299680286,2.873444685,1.854894612,-1.283656056,0.98673914,0.423207219,-0.80190506,1.80123728,0.550028329,0.771122528,0.737743519,0.203264611,-0.756920554,0.450098306
1.349558503,1.719424769,0.819806289,0.154147841,-0.765969004,-1.122338662,0.701822109,0.248319,1.962157898,0.057141527,0.827593383,-0.520481651,0.745643751,0.372630929,1.400274392
1.901436744,-0.292603441,0.827416983,1.015048534,0.419900804,-0.435950943,2.158491742,1.940507526,2.398876138,1.575180461,3.765318399,-0.193883327,-0.839310808,-0.097526581,0.264132032
-0.041464559,-0.324241056,-1.143473707,-0.98304523,0.736930482,-2.720729357,0.503336462,0.067514275,1.227064405,-2.298137597,0.220758827,0.291391189,-0.435775727,0.645631842,1.301829279
1.451976598,2.202662419,1.331141924,1.807405675,0.442747592,0.825752381,1.892767067,1.034386596,-0.065198503,-1.569840813,1.489188719,0.960750548,-0.107517122,0.557533422,-0.099206696
-0.407389745,-2.189533584,1.051864994,-0.764291186,-3.128204421,1.28740591,0.984548325,-0.132645888,-1.710289723,1.392241343,-0.672022349,-0.160576449,-0.890823068,0.366558078,2.024943089
-1.893466624,-2.417900594,-0.077886767,-2.052681222,0.213944393,-2.389802835,0.072321661,-1.423920594,0.132231827,-1.966264639,-1.436076403,0.129713817,1.643314232,1.279006817,-0.638173221
-0.224981778,0.435116971,-0.545843435,-0.035786954,-1.820150662,-0.544314794,1.056716919,0.613081247,0.182354006,0.547245791,-0.368102587,-0.674023732,-0.068701221,-2.562275413,1.341737014
-0.605047296,-0.733156438,0.069773041,0.103821951,0.29226168,0.501918653,-1.374942623,0.661902167,0.75145452,0.453609707,-0.349083216,0.560682539,-0.139418858,-0.161799679,-0.321214739
-0.904452116,0.65487518,0.703810393,-0.573560586,-0.377538124,-0.47372664,-2.307586159,-0.622825985,-0.342495457,-0.397639854,-1.172272797,-0.028821276,-0.491370987,-1.565354517,-1.236782161
1.478574177,1.063581561,1.409246857,2.299152677,0.776748798,1.861209812,0.506811024,1.804091834,0.730372046,2.313749105,1.222467498,0.962877052,1.653800312,0.00623271,-0.990076242
-1.199229066,-1.36667756,0.352468141,-1.093095055,-1.152997194,-0.923445222,-0.400211172,-2.214909786,-0.769927067,-0.607257076,-1.312999756,0.511098551,0.240863938,0.484479361,-1.462109563
0.259240058,3.313342852,-0.601881117,-0.124146305,0.151298448,1.443582565,-0.383696723,-0.588191766,0.310729619,-0.012517439,1.143773621,-0.153218535,1.506360621,0.995186906,-0.299490917
-0.467668607,-0.418883594,-0.34914313,-0.364742268,0.388739196,1.200298392,-2.295338107,0.766133493,0.948981125,-0.095650167,2.783664012,-0.751231468,2.0231057,0.476578722,-2.218160853
-0.463112463,-1.168632802,0.473465697,1.00710644,0.836238869,-0.021343661,-2.41782516,1.282470639,-0.608050836,-1.176853677,1.127095153,-0.524265903,1.366225163,0.686071658,-0.99987514
0.009993556,-0.447705711,1.513156564,-1.236788874,0.468850557,0.472054994,0.484942101,-0.757684846,0.767819484,-1.439694968,0.397742596,0.882307536,-0.830956621,1.442192794,0.151260019
0.418061848,0.851595241,-0.583389266,-0.940386953,-0.019787799,1.332400952,0.759503965,0.274940546,0.703792905,0.239721723,0.660691116,0.43578141,-1.033071749,-0.180817227,-0.57240281
-1.331042532,-1.178198598,-0.770839469,-1.512451484,1.472607762,1.751428673,-2.08104862,-2.366504697,-1.005177695,-1.457101272,-1.324155373,-0.569734229,2.326998709,-0.260992299,-2.342126214
0.421098156,0.829203041,-0.94969644,0.079473546,-0.490740516,-0.550356986,0.2889195,-0.673370701,-0.34331406,0.527544594,2.151671499,1.118713821,-1.377208117,-2.003969166,2.141676043
0.51712868,0.693218981,-1.169404315,0.367252603,-1.648515262,1.56299867,1.018998258,1.209697396,0.096611845,-1.080832731,0.971708579,0.397828528,0.428390521,-0.07007126,0.692140982
-0.27340944,0.244182265,-0.008529184,-1.193686465,2.306994682,-0.514501286,0.170324253,0.005837213,-0.804132716,2.290482451,0.06922465,1.362235409,0.749859527,-0.141175746,-0.767764185
-1.129844869,0.297897116,-0.176194714,-2.712699735,-1.285226925,-1.399610409,-1.823915396,0.159119061,-1.318133256,-0.522520436,-0.913034052,-1.62439606,-0.956728921,-0.088796192,-0.473833266
0.86991136,0.482538283,1.291594819,0.572199564,1.773105306,2.613702821,1.305515561,1.689463584,2.888968466,-0.035340681,0.532232889,0.593062802,1.372037277,-0.523597765,0.869821689
-0.566701802,-0.196601213,-0.496283968,-1.144609911,-1.376716141,-0.948741512,-1.109036586,-1.659611487,-1.246797255,1.07677755,-0.216497121,0.421555186,-0.832472833,-2.306674077,1.556865639
-0.101572585,0.290249133,-0.717238787,0.697153624,0.123734626,-0.830021963,-0.73604536,-0.25655934,1.165624057,0.676186787,-2.084945174,-0.834111277,-0.184941292,0.312675709,-0.320850097
0.719999271,0.379810736,0.696347356,-0.726916902,0.979903519,-1.326825115,-0.674295531,-0.275139554,0.618301004,0.497687008,1.7434721,-0.237667469,-0.708392467,-0.930519081,1.601158081
-1.899795358,-2.035436655,-0.602032062,-0.145768407,-0.04504983,-0.405355949,-0.431984399,-1.53315065,-0.227693365,-1.091491274,-1.487105295,-0.783721159,-0.42943778,-0.861503784,-0.511064167
1.537609104,0.419766366,0.587084508,2.729748393,0.733867651,2.857735475,3.536708397,0.217432235,1.340554788,2.200738594,0.569612657,-1.05065164,0.241479566,-1.756223908,0.525958914
-1.405884086,-0.647051623,-1.389436388,-0.66452014,0.881152104,-1.686980833,-1.115779752,0.5873635,-0.52821573,-1.521420287,-0.660473757,-0.380905182,1.211057938,0.683679909,-2.705692907
0.951388414,-0.781784335,-0.715661953,-0.183195316,1.207795929,0.795928184,2.05095025,-0.188210282,0.667262493,1.37384802,1.508385033,-0.855043745,0.063674058,-1.249338723,1.380850493
1.335408587,0.530050054,-1.717721201,1.357473043,0.395472099,1.856680051,1.532959969,0.758710646,0.980566247,1.650293306,1.239134318,-0.996871593,-0.127768892,-0.89825876,0.767783024
1.194828802,1.555830666,-0.3424848,-0.675455412,0.446657593,0.246116416,0.257302684,0.821568308,-2.080615858,-0.412247511,1.686657192,0.063514128,0.708279174,0.270635314,0.785346506
0.243204044,-0.749667502,-1.192334091,0.47919939,0.564652724,0.843123844,1.177383194,-0.840250002,0.790861955,-1.850060591,-0.082311468,-0.964301034,0.091220709,-0.687523809,1.323482382
0.648956219,1.816597674,1.95147683,1.523886403,-0.70339993,1.217910138,0.269441598,0.745349101,1.201743168,0.905424436,1.539695976,0.91152694,0.417899064,0.51075025,0.46118346
-1.347011574,-0.091410007,0.000197414,-0.828208787,-1.52197393,-0.847766461,-0.219214187,-0.772119551,0.026467002,0.011909619,-2.614838327,1.402383691,-1.159526597,-1.201019015,1.144980411
0.997550682,-0.862203085,-0.104186611,0.610461049,-0.167556558,-1.403527147,2.156891038,3.515098954,-0.57397232,0.168873135,2.188733654,0.537812315,-1.409845838,-0.269459543,-0.474454549
-0.056750319,1.547758012,-0.112222102,0.075042257,-1.722970471,-0.275865699,0.15221034,-0.881331942,-1.184616378,-2.325943467,1.506094429,-0.71671409,-1.358469535,0.107676726,0.700762168
0.64158332,0.173227361,-0.6600288,-0.700413793,1.29352125,1.905734143,0.2658668,-1.146472477,0.016533313,-1.84102677,1.681524967,-0.472293519,-0.552779951,1.039117244,0.015291723
-2.249013276,-3.92512006,-1.341249799,-1.337149619,-1.145985718,-1.42231152,-1.765540754,-0.312909713,-1.72352198,0.329017338,-0.06308419,0.914643467,-0.523422763,-0.120282699,-0.339276701
1.891798557,1.793592441,0.606734725,0.714251073,2.602665628,0.429847343,0.985481046,1.324220365,1.207795202,-0.110223778,2.319334327,-0.469977738,0.873097078,0.735791707,-0.510588943
0.244482212,0.370980788,-0.863010415,-0.500593406,1.987232243,-0.003637167,-0.533122277,-0.209740488,-1.304286074,2.117894653,-0.46257086,0.601355841,0.10487985,1.831378018,1.902920373
0.592690107,1.525462214,2.470786243,0.500251215,1.233935302,0.981690269,0.41118403,0.552732879,0.23267769,0.090648751,0.145495758,0.4211569,0.896969994,1.928011138,0.2917019
-0.323654941,-1.369575796,0.317197768,0.640770632,1.184015017,0.413576004,-0.01093415,-0.193796426,-0.571878162,-0.185841839,-0.044233439,0.776730036,-0.486105891,-0.569493512,1.241039389
0.680821315,-0.106600732,-2.522961367,-0.676510409,0.869964663,-1.485675245,1.376642489,-0.787530818,1.08630603,-0.456267295,-0.63790659,0.291944823,-0.095532969,-1.33250622,1.425035014
-0.110456094,0.226920696,1.660375426,-0.104252857,-0.425615019,-0.246839636,0.830715098,-1.0774686,1.082382756,2.219013377,-1.221671777,-1.167214024,-0.671630456,0.072102584,0.875502312
1.089671,-1.570885804,-0.547860888,0.290229311,0.563669637,1.206877542,0.869683235,1.361337317,-0.33472622,0.894296321,1.614139256,-0.241868592,0.840411278,-0.714727813,-1.219484908
-0.015633924,1.578473769,-0.213379664,0.292779731,0.53778864,-1.172131081,1.459330744,0.965814356,0.645374588,1.666971375,0.070794999,1.103420918,1.121988782,-1.040831561,-1.982595847
-1.220722038,2.510876391,0.571404682,-2.030680974,-0.731428771,-0.686265351,-0.980500131,-0.966713911,-1.994429109,-0.04526495,0.308863146,-0.390396729,-0.883908571,0.282585552,-1.367208389
1.205970707,1.60448851,1.09022061,1.35721481,1.36003208,0.366494157,1.582939272,0.720204863,-0.597314609,0.42623309,-1.031190934,0.341060225,-1.412993542,2.45740728,0.401748073
-0.692827043,0.617303998,0.941137641,0.151911609,-0.368286761,-0.968626793,1.24554081,-0.477712415,-0.72562835,-0.367246225,1.078646702,0.267819765,0.369915153,1.2244572,-0.109153803
0.289922804,-2.377369883,1.534890538,-0.713407827,-0.197250519,1.103462431,-0.249051692,-0.778597035,-0.934371319,0.558467685,0.070424298,0.732182887,-0.369624307,0.199058126,1.208231926
-0.649121201,-0.731836561,0.35768774,0.114780731,-2.210731408,1.726507523,0.472782577,0.966039079,-1.461391356,-2.07691358,-1.685129079,-0.010464116,0.054598675,-0.016731258,0.036085389
0.377375223,0.235520181,0.833058928,2.047771454,-0.750822439,-1.24145574,0.879050541,0.810914,-0.705476691,1.045682191,0.977663845,-1.25804981,-0.450755747,-0.351309155,1.555855825
0.153139294,1.629777332,-0.028648402,1.270812046,0.283820848,-0.017380899,-0.096544193,-1.309514866,0.366852962,0.333958804,0.89742501,-1.124530519,-0.242642561,-3.227209881,0.897596018
-2.346786235,-0.319111074,-1.500709683,-0.940842756,-2.033867262,1.085468424,-2.796217526,-1.05701728,-0.68765751,-2.080656595,-1.670408245,1.208629094,0.58551896,-0.364577593,-1.442261256
-2.065951475,-1.578476017,0.507596577,-0.331820818,-1.579820743,-2.020058529,-0.834876231,-1.048439868,-1.919159856,-2.337535759,-2.206131422,-1.364643851,-0.662250116,-0.492688812,-0.847993754
0.82918518,-0.22629868,-1.606107707,0.630093226,-0.234130077,-0.355527794,2.943364119,-0.710017037,2.503163763,-0.318147999,0.809293515,0.30765374,-0.303504559,0.863671858,3.642758121
-0.584838388,0.427548053,1.32254766,-0.75185459,0.549507882,-1.1696971,1.372723537,-0.675289716,-1.142224206,0.654156952,0.406530414,1.758771478,0.656315324,-0.623146578,0.05425201
1.095843679,0.145693826,-0.350364852,1.017709119,-0.856186464,0.702773938,0.842634141,1.441223859,-0.751224446,1.259277547,1.161604924,-0.725280606,-0.16426828,0.65482645,0.225510546
1.016798695,0.47176784,1.233377477,1.419005764,-1.013148393,1.171225014,-0.244113132,1.175181138,0.570706942,0.429733961,-0.037257859,-0.641059554,-2.050665821,-0.156004748,-0.748863346
-0.048185939,-0.299388453,1.443311959,0.049070915,0.374347958,0.324522386,0.384416389,0.14597536,-0.184419102,-0.469175936,0.554821249,-1.244230057,-0.904209065,0.29720975,-0.248683125
-0.299467587,-1.853085686,-0.628798406,-1.290352777,0.290092518,-1.30893457,-0.266020474,0.015622401,0.242238083,0.519878595,-1.493856824,0.48713308,0.617170762,0.980474797,0.615815824
0.853538353,2.100551062,1.145681971,0.368280813,1.183113699,-0.438813317,-1.087378642,-0.909712834,1.827896944,-0.581721323,1.138245852,0.351473728,1.054745494,-0.814733928,-0.164627214
1.775286695,1.725187399,1.915576229,0.084734705,-0.030646084,0.114863714,1.457913097,1.470864079,-0.072145969,-0.500681767,0.147711362,-1.809229869,0.661967365,1.018522295,-1.467273131
-0.17658827,0.634872633,0.396836738,-0.389929669,1.311224812,-0.814479686,-0.435864311,-0.192978935,1.026657772,-1.442433178,-1.664981026,0.369553391,0.695202847,-0.337468921,1.544579864
0.067955976,-0.750319269,0.901334574,-1.233701816,-1.07787707,1.998042947,-1.251921688,1.888117129,-0.566184978,-1.168092807,1.322700109,0.875303531,-0.0020792,-0.373231899,-1.091840525
1.006901221,0.540538311,1.329800307,1.072439882,0.587328617,1.412764659,0.952592824,0.299547438,0.001774358,-1.408707273,0.748882089,0.468069112,2.300020573,0.784709968,1.995712117
1.591864184,1.43539478,1.514441847,1.011633572,-0.44058855,-0.345428914,-0.949258347,0.312947485,1.082221163,0.173831704,0.402378383,-0.249494141,-0.601169641,-1.286161255,0.733198921
0.129430602,-0.704262706,0.917183623,-1.890052473,-2.123141254,0.909433052,0.070340946,-2.005126273,0.07596395,1.056319326,-0.696910165,-0.182154016,-0.364832928,0.507292064,0.962844469
2.012036204,1.636673204,-0.217102727,1.157983242,3.266807335,1.129603143,0.621447962,0.168062287,2.663078327,1.031435447,0.894887622,0.406499041,-1.233955549,1.810178055,0.577582673
0.469840231,-0.438092254,0.103010155,1.057846422,-0.075123843,0.796721169,0.581838539,0.024682898,-0.360928805,1.690710653,0.922274971,1.348306396,0.088111224,1.026372118,0.991935992
1.813248647,0.717380864,1.897611269,1.89457392,0.254725987,-0.710834361,1.273322267,0.915218937,1.787281476,2.497346592,1.453457437,1.202158686,0.021881726,0.822591789,1.337805386
0.651011397,1.128517715,-1.363513459,0.437208788,1.106535956,-0.922839144,1.08992441,1.689862263,0.263727528,-0.192409703,2.445857959,-1.220593859,0.631471845,-0.310522883,-1.106155519
-1.455337128,-0.958761462,1.027025768,0.631977452,-3.460847201,-0.996566818,-0.68497525,-0.260915263,1.092124258,-0.896174307,-1.085935558,0.676926583,0.763080607,-0.402695505,0.717131475
-0.314707648,-0.033965679,-0.604469269,-0.580327863,0.616191956,-1.178580217,-0.168855751,1.148928493,-0.472481514,-0.830716253,-1.271638964,-0.040988193,0.272604188,1.183874046,-0.371301247
0.361528915,0.318428954,1.456481087,-0.168626007,-0.154315906,-0.081306441,-0.011898633,0.210725733,-0.646321036,0.465748775,1.08657532,0.026563181,0.131915361,-0.042109676,-1.072662835
-2.56996383,-3.331443581,-1.926477124,-2.268026732,-0.606901354,0.231875259,-2.11494569,-1.103360826,-1.262286403,-1.082493133,0.457744483,-1.090537837,-0.611293891,0.60789476,-1.462888023
0.36308244,1.114719566,0.450626933,-0.592832007,0.161712391,0.519649755,-0.704478019,0.289957878,-0.076911386,-0.912688025,1.729545861,0.017490171,-0.713584775,0.294195481,0.319740042
1.317594712,-0.19880894,-0.792044816,0.403196136,0.909597772,0.602661531,0.850410371,0.871989575,1.258783119,1.766908179,0.586224556,-0.912377394,0.977391954,0.888511305,2.003904295
1.381469304,1.81356558,1.231838555,-0.13960729,-1.307467022,0.001076223,1.822211225,0.535061701,1.141226766,0.907645466,2.483038048,0.657922227,0.994657058,-1.558003312,1.145332793
-0.499872857,-0.200802874,0.849729281,0.719193344,1.052214419,-1.064354408,-0.254781261,0.876493672,1.29614621,-0.267760178,-0.656953838,-0.329054755,0.481700723,1.841523208,-0.893482412
1.19182264,0.487476123,-0.063295633,0.473343693,0.157332261,-0.415976333,1.979223269,2.375054482,0.736311902,1.416041904,0.54891349,1.922046965,1.552125977,1.252055748,-0.156385973
-0.240076971,0.147743949,0.581663871,-0.116016882,-1.378969995,1.877934947,-1.202699743,-0.003186955,0.844279989,-1.352113042,-1.121719976,0.207804493,-1.350407712,0.014300671,1.963561112
0.472349558,0.359146309,-0.016957826,0.741152696,-2.089587442,1.038664297,-0.002087362,0.030765061,1.045931484,0.558876886,-0.621869833,-1.111889159,0.727522827,-0.295040547,-0.164711035
-0.077205734,-0.21972433,0.614980583,3.053156767,0.478956521,-0.143584451,0.410128459,-0.563878374,-1.855454138,-0.619380625,-0.051924635,0.069252638,-1.747725518,1.247994051,0.766662374
-1.091884096,-0.174347337,0.76985929,-0.970754539,-0.781801986,2.067116955,0.719214831,0.079519718,-1.77992011,-2.202015197,-2.778650723,0.781174742,0.412722579,0.028746522,-1.052646105
-0.60038536,-0.051783713,-0.565061339,0.731307418,-0.505519644,-0.805424455,-2.332282378,-0.223863788,1.752395382,-1.259358574,-1.332035857,1.07911756,0.920804258,0.948538566,-0.15454468
-0.214097679,-0.826429673,0.464701535,0.745597982,-1.886462838,-1.377520759,0.204277364,-0.073528896,0.179585347,-2.677905889,-0.304977034,0.487888259,-1.940523087,-0.03387824,0.19332646
1.233046051,1.909879765,0.742133964,-0.063649322,0.740977634,0.829011194,0.199600503,0.95506809,0.011270376,1.351669569,2.188621592,0.982708435,-0.521967475,1.790793009,0.891121888
-1.07141367,-0.891316449,0.834438063,-1.328391293,-0.608150362,-0.287103847,0.016547918,0.261923895,1.261246161,-1.152185379,-2.565556728,-1.342217817,-1.471443841,-0.450903895,0.399304033
0.144179268,1.646472569,-0.532732418,-0.929884046,-0.523083902,-0.969955603,-2.007586425,0.275373747,-0.054327146,0.60096655,0.13997937,0.346315507,0.39942303,0.658729122,1.13849006
0.624768895,0.352061139,0.223652628,1.234480886,0.630961784,-0.129779275,2.052754799,1.268665099,0.706518543,0.467908721,1.040275802,-1.19672324,0.878337957,-0.063164641,-0.459709755
0.228440343,0.652707545,-0.046311352,-0.882335798,-0.072723096,0.940707536,0.485835061,-0.264564376,1.474290631,0.139231915,1.61266448,0.278768013,0.189441831,-0.086810752,-0.226817904
-0.00364493,0.736246549,0.890077526,-0.901906329,1.088162253,-0.853487516,-0.784971661,-0.786376095,1.931487483,0.625803816,1.162441651,-0.840845212,0.702425641,-0.575886815,-1.407242087
-0.155067245,-0.414099419,-1.048776102,0.14642917,0.756264634,1.554527529,-0.139457962,-0.022295583,0.171935195,1.363300784,-1.768702439,1.252238873,-1.345855583,0.754723155,2.241080833
-0.595748133,-1.643321294,-2.47585332,-2.550899821,-1.602245089,0.379480633,-1.350983185,0.209579354,2.914606529,0.680228993,-0.162114047,-0.595951241,-0.881060731,0.417515507,1.017294061
0.282412039,0.292413754,-1.360638874,-0.690113192,0.066690504,-1.01543628,-0.39210004,2.463263683,-1.047330892,-0.242928482,-0.067924686,-0.04798415,-0.668528298,-1.507448588,2.242553154
-0.005501497,0.634483082,0.506428706,0.037422984,-0.035236269,0.452594692,-1.701175925,-2.040483479,-1.485354087,0.147012358,-0.614144902,-1.113590384,1.519299191,-1.197279252,-0.803757957
0.740840638,1.095245359,-0.808812757,-0.428513264,0.24038674,-0.325422496,0.065620625,1.918232076,-1.634490106,1.312535364,-0.883853823,1.292642837,0.165730588,-0.341917731,-0.752938331
0.278374438,2.043653888,0.681037982,0.803186174,1.604381411,-0.971524154,-1.148884703,-0.209440869,0.656171088,-1.275226855,-0.909240949,0.492575225,1.624312324,-1.082304516,-1.402012009
-1.05012085,-0.728125711,0.302096969,0.580045982,-0.541070901,0.322562741,-0.837639196,0.398433731,-3.253429161,-0.702096475,0.122059439,0.370358065,0.804820192,-0.868199905,-1.164234892
-0.892653713,-2.489592211,1.082028979,-1.813261848,-0.543274685,-0.102632667,-0.652200629,-0.109726883,0.200201748,-0.989345052,-1.129561318,-0.831977608,2.339741207,0.656780646,-0.91846172
0.776584475,0.243791573,-1.529308018,1.528514335,-0.048033318,0.419852681,-1.01452615,-0.132908518,1.555933434,0.429879138,1.059661649,0.252379543,0.626545873,0.5402371,-1.18602233
-0.191924096,-0.754009156,0.540608376,-2.48448116,0.179128499,-1.163159828,1.679318609,0.4103097,1.908840494,-1.045064182,-0.420766401,2.309420606,-0.116131552,-0.250917474,1.124948028
-0.048206851,0.299956432,0.496804841,1.182747223,-2.05507397,1.324163534,-1.008244321,-0.81060677,-2.262836106,-0.914069816,-0.263881093,-0.568099431,-2.565729009,0.822262845,0.959181422
-1.539247465,-1.024584314,-0.574304929,-0.206106696,-0.318993743,-0.7462498,-1.770650793,-2.740288018,-1.151557553,-1.069255623,0.110147776,0.564278647,0.750735546,0.024831292,-1.300928325
1.765758693,0.832949803,-1.528502277,0.739828911,1.212611912,0.241625827,0.678571021,0.071591473,0.337655379,1.5934668,1.780538534,0.467850482,-0.459695236,0.074501737,0.167959673
-0.426511786,0.749193441,0.110968175,-1.077761277,1.034434951,0.825857953,-1.247663422,1.123920564,0.705345463,-2.575410749,-0.16101307,-0.930638068,-0.072550418,-0.490742822,0.008911702
-0.011288137,-1.082323585,-1.193381896,1.338971021,-0.266400004,0.161384241,-0.072960531,-0.655948598,-0.54802561,2.496049357,-0.798234265,-0.024688466,-1.503158446,-0.582971106,-1.548852527
1.469118139,1.161224551,-0.015244364,2.306123274,0.597096901,0.322727418,1.617967164,-0.225989333,-1.138013476,0.398850248,1.55373196,0.213947794,0.697525838,-0.366751781,0.876309119
0.421126871,0.874613489,-0.652344014,-0.276038343,0.628620193,2.002166874,0.623121494,-0.227665236,-2.149018644,-1.001295902,-0.054699829,0.46996613,0.308976758,0.569129768,-1.211959722
0.012302701,0.172148135,-0.370205456,-1.063851194,1.372959093,1.26008673,-0.977788761,1.742673576,-0.52034515,-1.275711596,-1.250575426,0.349363568,0.197058666,-0.757935441,-1.185295383
-0.104095482,0.739850298,-0.967528041,-0.36032717,-2.175572143,-0.096115612,1.697207425,0.023085178,-0.202429219,1.106438438,-1.203938297,1.111305989,-0.135388347,0.538245772,-0.380369713
0.822932673,-0.705959861,-1.338877163,0.359666934,1.40030911,-1.37513509,-0.117688637,0.058095905,-1.249596651,-0.30327304,1.357082613,0.126580758,-0.850558795,-1.041448927,1.939534752
0.226964106,0.66251341,1.648499123,-1.230808705,-1.499625615,0.260141026,0.734878825,1.11051897,1.882218734,-0.246714592,0.124660691,0.61958164,-0.353838506,0.724997834,2.411091746
1.138797784,1.332687829,1.286321625,1.958304299,-1.068776269,0.206357895,0.906629396,0.033266509,-0.884444373,-1.50008956,2.172895391,-0.658366128,-1.972047589,-2.076601478,0.50759586
-0.11484276,-2.282094856,-0.652857447,0.963387698,1.394464653,-0.97330027,1.122442607,1.332660535,0.195880356,1.36994471,-0.98931839,-0.343680704,-0.240316214,-0.182635155,-0.828161173
-0.566048602,-0.804159912,-0.214838259,-1.341824606,-0.069538484,0.781018676,-1.064800206,-1.092215355,0.799936951,-1.071923129,-1.795500717,0.55469818,2.192924555,0.229283772,0.995699232
0.635182327,0.795570601,-0.052761676,0.718381048,2.469413112,-0.301473764,0.879285468,-0.386563781,1.688593597,-0.162484335,-1.1259981,-1.155305923,0.40483969,0.874420951,1.778248247
0.268196737,-1.133463979,-0.523736982,-0.258328843,-0.914953402,0.763326506,1.304368916,-0.16883163,1.82186316,-1.124592575,-0.063435849,-0.00940057,-0.185749635,-1.972572085,0.341411492
1.849383487,0.990822371,0.735664961,1.817267079,0.60714417,0.037956209,0.793008494,1.06103237,0.755113188,0.329881513,1.564918539,-0.880922948,0.29596976,-1.426014226,-0.593809231
-0.075003626,-0.247011633,-0.834473962,0.469199114,1.274043667,0.189955946,-0.237134889,0.243613765,0.465000174,1.159839144,-0.293286899,-1.494595331,0.510227351,-0.821613493,-0.320061168
-1.698248207,-1.13672371,-0.677368626,-0.246619147,0.782864249,0.485428723,-1.184963915,-0.764409588,-1.384331374,-2.48855472,-0.771364916,0.805128813,0.785604024,0.739732387,-1.438766223
1.972887891,1.4427714,0.811521402,0.808693078,1.747359722,0.43246077,1.492464634,1.675173667,2.050031256,2.479539578,2.108882066,1.862425969,-1.479581093,-0.943192886,1.512612843
0.41128855,1.370082913,-0.080730121,1.103152039,0.261725082,0.629356309,-0.236242265,-0.314553714,0.662193846,0.303067469,0.4602289,-0.533195222,0.929587885,-1.73124157,0.251335226
-1.399755036,-1.65913585,0.480908049,0.053864806,-1.298041142,0.011275381,0.486817986,-1.277966365,-0.775994542,-0.000871449,-0.670441379,-1.189642032,0.083790752,0.796395584,-1.959980426
1.539484209,-0.154331208,1.436189266,3.063526046,0.145395352,0.319055636,0.70614309,-0.267095216,1.559875309,-0.13650638,1.528966509,0.497761508,-0.298172612,-0.149065212,1.080293127
-0.299862127,1.799664711,-0.886676456,1.157223715,-0.378487846,0.918814558,-0.52923544,-1.397699072,0.053321524,-0.189542901,-0.388495047,-0.206089784,-0.108430867,-1.200761919,0.765385621
1.649463149,1.053301477,-0.304709312,1.503783014,0.89294151,0.576408459,2.124334331,1.559873092,0.789022992,1.408031649,0.243695109,0.88382861,0.411602325,-0.399332243,1.293914207
0.155939315,-0.170307846,0.078190134,1.077775976,-0.900883225,0.986032347,-1.410885255,0.537227376,-1.677019289,0.529611769,-0.233155338,0.356819293,0.218676348,-1.129194963,-0.984869905
-1.086239398,-2.359750884,0.496832475,-0.364337843,-0.531473083,1.384309133,-1.377059939,0.295680979,-0.354790194,-0.673475564,0.577509843,-0.210331881,-0.342239597,-0.328728561,-0.857144167
1.367627549,1.126558357,1.52536439,0.221287879,1.88116874,-0.403038291,1.454661091,1.022077432,0.815021536,0.085785266,2.14858042,1.474701917,-0.005592169,-0.300620999,1.25393141
0.922241062,1.957514343,1.008605448,0.616947836,0.346575239,-1.58567908,0.635480866,0.761540838,1.71381299,-0.050557616,-0.847415211,0.512744172,-0.949581792,-0.495311167,1.76799798
0.68239418,-1.048566099,-0.368641751,0.219139259,1.43286738,-1.435220536,1.727315561,0.990523319,1.849264297,2.375235735,2.807245142,-0.505576378,-1.822666083,0.492697456,-0.816733966
0.067930266,-0.936081657,1.251267956,-0.368737964,0.16637045,-0.327036841,0.701098283,-0.57728271,-0.428014189,0.672401828,0.221608752,0.858841495,0.770006163,-0.478356578,-0.299705479
-0.912320064,0.152550359,0.247283749,0.814396716,-2.967106731,-1.89099216,0.500144857,-1.038881738,-0.013587216,-1.100579748,-0.841341054,-1.25764389,-0.383773892,-2.114027131,0.269499888
0.183485567,1.041943411,-0.593842757,0.796275788,0.131444403,1.282004419,2.081025204,-0.759425315,-0.110905836,-0.559129302,-0.58181104,-0.89941463,0.956318224,-0.010397996,-1.485720416
1.371587582,1.865313983,0.139963456,1.052180177,0.651055932,1.111243349,0.46569118,0.291945918,-0.844956443,0.689250296,2.133864103,0.934589847,-0.358214983,-0.986901094,0.362799335
0.179384576,2.315039965,0.251808833,1.709378515,-0.911762381,1.451228432,0.934496722,2.439101886,1.01094768,-0.889022581,-1.335120126,0.031989302,0.824048628,-0.707726018,-1.860285944
0.279026483,0.576334256,-0.091243513,0.539669014,0.125203273,-1.440531757,0.285048046,0.688661937,-1.502718977,-0.744024958,0.674950383,-1.092911876,0.133678146,0.491441064,0.033718288
-1.930978109,-0.623754102,0.191207169,-0.142002637,-0.794555765,-0.083329735,-0.370841799,-0.748895388,-0.156049055,-1.806544448,-1.228830973,-0.581560223,1.018651326,-2.366043273,-2.966685081
1.654770951,1.529418689,-0.785380835,0.014649337,1.887169334,0.268639916,0.226246804,0.587666103,-0.087926164,0.488844192,0.545618906,0.155264365,-0.270638017,0.366736986,0.50346365
0.28102729,-1.378956357,1.068167595,0.948638501,-0.996168565,-0.294345822,0.046347486,-0.811680525,-0.575818787,-0.257541834,-0.19934877,-2.192842579,1.087292273,-0.154564329,-1.84015592
-1.246176455,-1.25299035,-1.365456761,-1.500118412,-0.323436647,0.22811768,-0.63463235,0.198096414,-1.252336098,0.474289427,-2.09815566,0.310481012,-0.620751112,0.727970806,0.160758942
-1.507086497,-2.40258417,0.292636703,-1.50223683,-0.935472622,-0.994348092,-2.16802761,-0.312583756,-0.860217897,-1.130347877,-1.152253769,-0.006194071,-1.501146461,0.433332123,-1.771734112
0.825871441,-0.468689622,1.508731897,0.687263699,0.880951553,1.181953274,1.968788108,0.039538894,-0.245018888,-0.568687743,0.480631671,1.068321174,-0.099022557,2.359115373,2.261140771
0.189245062,0.420135285,0.548257242,1.391734955,-1.143610771,0.915719894,1.023106878,0.783944655,0.68587319,1.698607285,1.165862011,1.69907974,-0.782683497,-0.954112457,0.895228306
-0.110945516,1.268512493,-1.851379766,1.806704298,-0.89268235,1.857455547,2.976828243,-1.413028491,-0.214688672,1.010133965,1.482546718,-1.939511513,-1.214735744,-0.859312406,0.892419782
1.546984281,1.258117889,-0.99102099,1.59751407,-1.234557978,-0.905643114,2.007238854,1.252793785,-0.103323982,0.109843645,-0.106905228,-0.382079415,-0.260889348,1.673426831,0.954185534
0.146151871,0.444733356,1.149358159,1.166332869,-0.588996287,-0.489079878,0.912908714,-0.838838264,-0.62806242,-0.149334646,1.80429044,-0.159416214,-1.874886628,0.975536982,0.320319964
1.040942018,0.50606275,-0.674437653,-0.992547282,-0.615539475,1.658421539,0.293053206,1.237343871,0.250313303,0.152299038,1.743207374,-2.550865453,0.499682058,-0.357465601,-1.37506754
-0.706934947,-1.867189586,-2.048031541,-1.826597574,0.38773139,-0.819241306,-1.003158457,-0.595418526,0.618495988,-0.024881964,-0.424043264,-0.528799677,-0.45988978,0.973239127,-0.233992797
1.10521073,0.124432037,1.31341864,1.264715191,0.653314843,0.103557035,-1.403624613,1.437205264,-0.927742947,0.120217492,0.624302444,-1.268608448,0.543831462,-1.949607001,0.166618514
0.55326961,0.635186196,-0.125509556,-1.006388287,0.559136607,2.270624499,2.099635636,-0.587945692,1.165926337,1.770305984,1.107385027,-1.862963255,0.72482842,-0.81415296,1.459056911
-0.514122581,-0.303504623,-1.075369587,0.873991847,-1.000253944,-0.216592872,0.240677297,0.215538336,1.936714012,0.481985693,-0.622173092,-2.324712937,0.020807603,-0.387423142,-2.63273198
-0.864616774,0.1854021,-2.342440971,-0.094832134,-0.210154078,-1.065638432,-0.430609104,0.210888088,-0.603242269,-0.468316459,-0.848187847,-0.181927891,1.178142162,-0.079264546,-0.653002582
0.158976988,0.11698655,0.088948817,0.924252649,-0.560056085,-0.791512359,-1.01222804,-0.513074206,-0.748279355,-1.435803019,-1.781718195,-0.574863661,-1.813256926,0.178504061,0.537441805
1.561528829,1.070159408,-0.207707132,-0.013285126,-0.4421846,1.138966445,1.885048801,-1.016904291,-1.146377946,0.082976002,0.958731077,-0.586092291,0.380770719,0.945450345,1.574757553
-0.813942462,0.190020757,-0.222218766,-0.804365887,-1.218444584,-0.012862724,0.409553651,-1.379513424,-1.706520039,-1.395714613,1.034510478,-0.207622178,-0.668174511,1.03080339,-0.000439245
-0.116656865,-1.23814733,0.07988072,-1.164600856,0.159613865,1.848012319,-0.101894344,0.294225606,0.200503505,0.112073497,-2.16169072,-0.980003391,-1.197474922,0.009335061,0.722657281
0.410387703,0.469218366,0.750137307,-1.129504144,-1.505530533,-0.454600914,1.261308302,0.055918451,-0.708649218,-0.126360738,-0.419507094,2.206342143,1.961568852,0.299647857,-0.080484401
0.576490967,1.277398388,-0.944676439,-0.681176532,-0.114652944,-0.155561645,0.452651004,-0.142875846,2.35647487,0.66764351,-0.628355038,-0.899905593,-1.726706227,0.792288152,2.77362775
-1.087526362,-1.694083903,0.502867588,-1.678557611,1.109599009,-0.011321126,0.291331467,-0.069251984,1.05856675,-0.079741349,0.457863629,-0.508218882,-0.276558699,-2.383137555,-1.655192829
-1.199442148,-1.360150234,-0.448455734,-3.523657187,-0.569085897,-0.533094529,-2.387056051,-1.239375775,0.592167314,-1.504350109,-1.647463813,1.176856787,0.662950468,-0.084458034,-1.30523524
-0.267700058,-1.728256091,-0.133428956,-0.124964856,1.713932307,-2.519783993,0.11435022,0.122983264,-0.327536168,-2.62363002,-0.342850861,0.069546621,-2.936099202,-1.129407866,2.096193138
0.378924317,1.223914289,0.485667059,-0.530570855,0.639837275,-0.407371494,0.050013103,0.966105968,-1.114161034,0.817848937,-1.944332994,-0.361295152,0.035737257,0.207333875,-0.961656167
0.661131429,0.674287155,-0.951502696,0.683379297,0.666189999,1.614074549,0.845648549,0.240627402,-0.816053779,-0.501854597,0.345752214,0.972316504,1.523329918,-1.487286255,-0.926344324
0.062326751,-0.68410691,0.236212785,0.334413416,0.375284456,1.120775646,-0.488557627,1.402218163,0.512770472,-0.278542988,-0.424739103,0.238794625,-0.298417365,-0.175979779,0.581544364
0.152788186,1.349629277,0.860655128,1.851298365,-0.142823327,1.067317546,-0.254982576,-0.403259004,0.546008437,-0.327263467,-0.780398752,0.174826645,0.22882206,-0.01890738,-0.481089255
0.414572007,0.166665703,1.20750292,0.371389786,-1.36619136,1.337924524,0.188487971,1.68895854,-0.122724871,0.944100623,1.254756482,-1.074978067,-1.924225149,2.072158496,0.77756474
-0.493223114,0.20579396,0.467657852,-1.406099681,-1.276361694,-1.275659485,-0.55208446,0.166644427,-0.034528654,-1.0897656,-0.153989372,0.185400498,0.621267991,0.230919016,0.1358994
0.058362701,-0.998293412,0.712288455,0.220563963,-0.890051761,-0.567638815,1.282278236,-1.070891985,-0.69999053,-0.349943333,-0.10415146,-1.069505068,1.333496256,2.15090964,0.563081771
-0.987826545,-1.037251072,-2.12964188,-1.519413293,-1.776787684,-1.009139259,0.280598738,-1.14156864,-0.393826232,-1.382747813,0.481397988,-0.294268164,0.523131913,1.134231326,0.353089802
-0.215616192,-1.625269062,0.591487909,1.213950539,1.335471293,-0.311564463,-0.721826167,-1.621685394,-1.529543631,-0.149376922,-1.471700422,-0.25092987,0.036315066,0.738086645,2.150026259
-1.035388818,0.685674816,0.889212178,0.262322302,-0.67667574,0.131991257,-0.268990963,-0.272898211,-0.740790508,0.376989164,-0.149020001,-1.071563905,-0.026515359,-0.081062872,-0.502216353
0.773979435,-0.374228312,2.107564534,-0.678499766,1.411283927,0.628725027,-0.167162213,0.778067959,0.318865171,-0.374196698,-0.391188859,-1.623943464,-0.69819736,0.561142171,-0.844631391
0.461737406,1.481335531,1.627906763,0.711864257,0.264150792,0.962603595,0.179492715,-0.243249488,0.245231197,0.215394619,-0.515220116,-1.108262137,-2.182244694,0.549211879,1.021213464
-0.037205161,1.232670413,-0.044137807,0.472862511,1.62098374,-0.213978364,-0.129192293,-0.096205752,-0.93296813,0.332789535,-1.656491146,-0.757613811,0.773758482,0.334095734,-0.245813309
-0.276284971,0.023504824,1.284045166,-0.049813878,-0.540102476,-0.107780098,-0.278017254,-0.586903251,0.838554975,-0.51418793,0.595547602,1.10217277,-0.966081499,1.253445359,-0.025500762
0.165839325,-1.201094218,-0.55868177,0.601685679,0.745554283,0.311582131,1.107643017,0.211842191,-0.007345586,-1.129885827,0.478522858,-0.118933429,-1.315903427,1.882808958,-1.523532385
-0.598851377,-1.066394722,0.966271518,0.628105668,0.28730602,-2.168448482,1.187982371,0.235393241,-1.077537577,1.120771708,-0.748408178,0.67150661,0.702392616,-0.157938456,1.166770087
0.611332696,1.755719238,1.612991162,-0.252874876,-0.81286055,-0.291606395,0.221633541,-0.244595655,-0.547575471,-2.296572077,1.64947053,0.936913878,0.754468672,-0.961250866,-0.295830603
0.224140548,0.952558104,-0.001555711,0.504396411,-0.712720078,-0.252299335,0.598557028,0.749292565,-0.197866557,0.079530475,-0.804064252,-1.211437098,1.128175062,-0.509112982,-0.35516419
0.543346647,1.249183177,0.912571286,0.818594567,1.436549708,-0.721375829,0.784410616,1.092998474,-0.950665046,2.790267581,1.001505825,0.92551412,1.893344503,0.468464685,0.217030032
-0.702091798,-2.133965349,0.197032297,-1.255813735,-1.772244703,-0.675940435,-2.190038723,0.23898285,-0.767711925,-0.873233195,-1.425808267,0.078358365,0.032996302,0.474552811,-1.101965797
-0.430154894,-0.80016178,-0.560569664,-0.586464141,-0.887314267,0.344277915,-2.21884525,-0.63830533,-0.660859965,1.433788437,-0.043090699,-0.055511184,1.365097796,0.921983034,-1.481645107
0.025570539,-0.417587291,-0.099858192,0.449264472,-0.184526772,-0.517313984,-0.693710119,0.241375186,1.589545487,-0.564952602,0.872491665,1.132848291,0.965926486,-0.431982296,-0.724443253
-0.167335076,-0.637474458,-1.790054287,1.153254678,2.434419351,-1.040991855,-0.381606516,0.493197579,0.77635871,0.307462281,0.182963457,-0.989336355,-1.254076254,-1.545941488,-0.192917231
-0.992599403,0.901684024,-0.01374229,-0.335905864,-1.101129297,1.367951171,-2.040653644,0.904729927,-1.126829081,-0.777800343,-0.742719296,-0.795687552,0.836173952,1.706644324,-2.260947338
-0.071780169,-0.318502727,0.05158636,0.271119475,-0.63764407,-0.0635299,1.056591916,0.024772385,-1.056767908,0.145396745,1.402434609,-0.472475673,-0.642477758,0.512164953,0.49951743
-0.217038544,-0.458721854,-0.342191755,-0.19198705,-0.13895714,1.501977058,0.706729332,-1.321840514,-2.296658349,-0.530384521,-1.622195061,0.13502541,2.549535189,1.742185462,-0.11707124
0.766216328,2.507145696,-0.209987138,-0.236035819,-0.314440669,0.060891129,-0.057712531,0.919626968,-0.309207583,0.823626455,2.071677084,-0.598222251,0.959855547,0.921382568,-0.752326519
-0.952316731,-0.68864436,-0.549240754,-0.79357644,0.103533731,0.185823037,-1.40375513,2.528035318,1.545965675,-2.65469983,-0.728828985,-0.785004338,-1.831287369,1.128514844,0.405592939
-1.133412415,-1.756611814,-1.07701928,-0.911577604,-0.237576015,0.412840753,1.020281575,0.977548581,0.188274985,-1.796926733,-1.080476108,0.3445193,0.649289042,-0.103867351,2.62847382
-0.177069677,0.456884491,1.281327622,-0.340637243,-0.997076895,0.419371783,0.354085388,-1.0351325,0.155233731,0.289108623,1.790463801,-1.631004605,0.331926008,-0.310225137,0.025600558
0.288831573,0.706280594,1.498093091,1.324336813,1.37442653,-2.122591804,0.005110882,-0.04798713,-0.676440155,-1.796398757,2.557750842,-1.97786012,-0.004260405,0.791343008,-1.437003007
0.821654309,-0.751937261,1.283224723,1.143748869,-1.03223631,-0.927663573,-0.176738048,0.91757394,-0.315133842,2.456623132,1.299783867,-1.852287681,-0.806490946,-0.382374284,0.179245031
-0.226302348,1.928547604,-0.688188015,0.881518371,-0.276824131,-0.101939278,-1.088060349,-1.166167378,0.596748857,-1.042725529,-0.195147884,-0.661713661,0.045081953,-0.394221691,0.049744332
-0.400378504,0.130308695,-0.637293517,-1.002982441,-0.008716403,1.774722446,-0.820234238,-2.683102922,-0.437322435,1.751240954,0.315461684,0.381312839,-0.888982461,0.110072061,-0.143550113
0.391618893,0.633876649,0.302907889,-0.006661119,0.223037376,-0.679282424,1.549497532,0.283154103,-0.136395554,0.660546225,-0.615467164,-1.575793337,0.17850244,1.819026412,-0.453931025
0.444677665,0.632989643,0.70876056,0.723740061,-0.179528753,-0.496967294,0.906457068,0.584849122,-0.669188531,-0.504560997,0.498729845,0.778808417,-1.804707083,-1.036709763,1.699220099
1.178103197,-0.071328728,-1.067283688,1.409252228,-0.154725697,-0.147324339,2.206111695,1.731117046,2.426340347,1.371945066,2.434547061,-1.282112146,1.355668768,-0.245784591,-0.304447305
0.113819141,0.670401168,-0.068278982,1.870636798,-0.451170282,-0.002890603,-2.219752588,-0.657738883,-0.942272992,0.573110742,0.31903351,0.473197374,-0.675582153,-2.345051004,0.545704293
1.18665259,1.707451888,2.418507262,2.002995756,-0.906724966,2.215332176,1.066808929,0.293261643,2.741563176,0.110562383,0.23493306,0.671456085,-0.960469183,-0.083296566,0.5780002
-1.676197251,-2.180560417,2.274840629,-0.582988742,0.770813113,-0.423335702,-0.483620885,-1.355903641,-1.634389264,-0.471428117,-1.594098095,1.048282462,-0.324718846,0.312412903,-0.479477203
0.373878853,-0.983356759,0.491667503,1.873548481,-2.950335099,-0.938258566,-0.841125124,-2.276499281,-0.793662831,-0.772553492,-1.178371905,-0.449584816,-0.634191961,1.601315984,2.906637779
-1.025438598,-1.83613738,0.224723955,-2.044420205,-0.553712612,-2.273437882,-0.652971168,-1.951265893,-0.226342873,-0.443451754,-0.728075614,-1.474539162,0.259962729,0.813378112,0.163040273
1.300193637,-0.28850269,-1.177901444,-0.84688143,0.030169868,2.833968007,-1.399900317,-0.360485694,1.581216762,0.715201117,-1.027975972,0.4877805,1.687465576,1.202256653,-0.34004733
-0.230010132,-0.645238508,-0.128573236,-1.329283368,-0.196077244,0.329465202,-1.117296429,0.998392081,0.79184065,0.610355751,1.551471967,-0.719757946,0.580614082,1.311627615,-1.282290531
0.217914431,0.703329676,1.099877886,0.970402605,-2.188388291,0.50034637,1.032940983,0.139894531,1.021231691,0.387162843,0.413603656,0.331216608,-1.214641352,0.48515614,1.486681444
-1.960180575,-0.036668882,-0.914366257,-0.556393611,-1.179388757,-1.058544977,-1.959682706,-1.158720538,-1.402157824,0.095345908,-2.14437392,1.038964611,0.799956445,0.577464898,0.504967355
0.392551289,0.481683319,0.233947468,1.242287847,0.806984321,-0.018270813,-0.754096341,0.082247949,0.244672258,-0.683248667,1.143755916,0.433496366,-0.417003405,0.170693286,1.685519712
-1.314128437,0.268300735,0.028547573,-2.018467317,0.035551781,0.471454063,-2.587437977,-0.556818225,-0.519284591,-1.088221988,-0.694068835,1.429305537,-0.428897942,-0.517322554,-2.211921911
-0.460943377,0.054582357,-0.637109438,0.467666454,-0.274039317,-0.244614982,0.024848427,0.48626801,0.835349175,0.845024361,-0.502890529,0.479762065,-0.759541621,-1.013939459,-0.009511003
0.538300792,-0.80347442,1.028571772,0.872782967,-0.211039002,0.035548443,1.362501599,-1.102332206,-2.292408345,0.665160604,-0.78954067,0.306118983,1.23494833,2.301564584,0.31224147
-0.750899142,0.237347858,0.254030747,0.365097223,2.3006291,1.725050868,-0.856721318,-2.338214081,-0.396101666,-0.37068012,-0.839446955,-1.913681091,-1.390861433,1.79581492,0.014298094
-0.044282214,-1.808503639,0.64317642,-0.135357341,1.372940199,1.438779878,0.361634353,-0.617500414,2.203556185,0.337072658,-0.736318414,-0.449684475,0.943252219,0.375355342,-0.829284
0.474863991,0.331205886,-1.349583033,1.213587286,2.064583614,1.39737858,0.087327175,-1.936629496,2.343653472,0.307064051,1.922583388,-1.624248126,-0.155730611,-2.261513943,0.985604449
0.615209628,1.282789644,-0.631765748,-0.322349319,-0.272305859,0.190483279,0.620984727,0.486964709,0.147196994,0.755965213,2.144497985,-0.600719953,-0.169182938,1.590266665,0.432047801
-0.028341673,0.915339302,-1.496221222,-0.355566755,-0.764150754,-0.869031093,0.793721537,0.778311329,-0.78322077,-0.231346116,0.032823641,-0.417017873,-1.754879955,0.733099935,1.541997037
-2.360012641,-0.930515831,-1.479337347,0.665887002,-2.883335876,-1.501491916,-2.67578762,-1.689634718,-0.471029301,-0.480836395,-2.113470285,0.720820972,-0.397112429,0.609643291,-0.619946882
1.506991433,0.284802264,0.482100507,2.250902082,1.076729493,0.434428484,0.967624329,1.851437478,-0.482223458,-0.447658544,2.49992407,0.684419992,0.543488393,-0.932894446,-0.124318716
-0.821399168,-0.956240365,-0.179287088,-1.75328687,-0.590195826,-0.832867075,-1.240882613,-0.185092422,-0.887696697,1.53664715,0.451765873,0.141787888,-2.188018363,-0.492042212,0.615827147
1.415052738,2.862808877,0.571534698,-0.613272624,2.141172049,1.449476495,1.001084594,-0.09052435,-0.358026875,1.800251458,-0.154319668,0.497398035,-2.209985692,0.496303075,1.502749515
0.685226241,-1.314928982,-0.717675836,0.500287314,-0.861261905,0.114999466,1.361795811,0.563743231,0.244418168,0.791419613,-0.986733567,-0.834689275,-0.721731362,-0.14346654,0.698886057
0.409753718,-0.471686036,0.467253125,1.278884984,1.127748612,-0.40001905,-1.085979649,-0.389339369,-2.908398399,-0.796036363,1.433931568,-2.411864551,1.546848648,-0.39685638,-1.49678214
0.697333226,-0.144110801,0.707364221,0.545651952,0.174964085,-1.891051722,0.917889007,-0.247037874,1.614316116,0.208387589,0.346798343,-0.766995853,-3.212838996,0.067455567,1.28592129
0.278181108,-0.628403049,0.131401427,0.044807042,-0.192127966,-0.1496208,0.462116568,0.389907345,-1.979720963,-0.56923806,0.336023024,-0.102534275,-0.039857898,1.085830364,-0.146631946
1.10888934,0.565608293,-0.085712727,-1.427206143,0.756836703,0.867927464,0.915573564,1.419371515,0.48423383,0.451056238,-1.13001546,-1.209262953,-0.399916562,2.215120669,-0.832427887
0.1238828,-0.387817397,0.253372238,0.999896074,-0.635637004,1.455280738,-1.395335527,0.479051358,-0.259776195,0.086790161,1.156649178,0.08767856,2.569569309,-1.948447356,-0.046579609
1.20335402,0.621745247,-0.351115537,0.197500321,0.342894511,0.792353544,1.236753684,-0.138923724,-0.244591082,0.321183319,1.221472507,1.345886587,1.13645657,0.475571235,1.850556638
0.183778718,-0.448431408,-1.197755739,0.544705796,0.296378677,0.786091013,0.120877365,0.441540964,-0.091693222,-0.336158986,1.160833904,0.905421184,-0.4104149,1.626854391,2.054233037
-1.598737342,-0.811789605,0.318703496,0.07578482,-1.31568119,-2.345232305,-1.252021479,-1.981580158,-1.125493663,-1.482432211,-2.575573988,-0.300954415,-0.90345906,-0.782727499,-1.408940486
1.395767495,-0.494473219,1.102073657,1.203452441,1.640360362,1.529760602,0.15091315,0.607524124,0.771855109,1.637935791,-0.968768853,-0.510939385,-0.760928263,0.617102543,-0.100654464
-0.703031066,-1.058667223,0.507809826,0.386987181,-0.256804718,-0.72365119,0.597785086,-0.765267763,-0.732510633,-0.079589481,0.176551143,-1.051524683,-0.663520341,-1.063523523,-1.103145016
-0.242625399,0.188054902,-0.280570175,-0.015208548,-0.69116249,-1.526272218,-1.34501825,0.77354163,-0.379192233,-0.583906322,-0.257983018,1.139500103,-0.294493828,0.211938388,1.034652909
-1.452263515,-1.482557721,-1.032176878,-1.475831683,-0.999045425,-1.279988684,-0.811644116,-0.065373648,0.096337143,0.468120961,-2.561919119,0.32926257,-0.113205718,1.245466275,0.736771803
1.041535645,-1.128829147,0.859720087,0.913030749,1.145529269,0.456300913,0.567510167,0.939228315,-0.767797008,1.293374258,0.805794394,0.81335,-0.437458287,-0.565997302,1.567400961
3.149488959,2.320852566,-1.635298098,1.582317971,-0.754997489,1.781888564,3.244725044,1.695588897,1.70178979,2.35286271,1.995390593,1.397916369,1.352175939,-1.907884877,4.504887254
-0.341845994,2.886522354,-0.385669339,1.111985338,1.031263815,0.024805781,0.079031079,-1.207469387,-0.278342921,-0.894157854,-0.254852126,1.481649888,0.748613364,0.190938823,1.919410926
-0.66740999,-0.751861287,-0.660660451,0.339516191,1.29640713,0.724656255,1.399080915,-1.290537276,-0.313497784,0.97724188,-0.180678577,0.338049578,1.554752962,-0.815105342,-1.628175164
-1.845183224,-2.442241912,-0.766950609,-2.944477017,-0.071229933,-0.292471385,-1.190532183,-0.219650125,-0.226009226,-1.786723122,-2.089559708,1.1723654,1.728095252,-1.524120345,-1.091944074
0.349140782,-0.582685362,0.936047115,-0.123483284,0.270395123,-0.85653717,1.651770534,-1.132624237,0.356921046,-0.340995679,-0.059543256,1.048107118,0.561024125,0.781435206,-0.363146669
-1.461183282,-0.459436513,-1.876758602,-1.620332061,-2.456769998,-2.112035307,-0.849340126,-1.156852816,-1.260635185,-0.407936345,0.168118172,-1.817037938,1.20966233,-0.961287988,-2.516000032
-0.214156204,-0.941357285,0.574719325,-0.84685336,-0.553996155,1.738708762,-0.219604121,-1.128571033,-1.3899596,0.631050575,2.506700898,0.267648834,-0.833628676,0.517474565,-1.159749696
0.571638603,0.375671889,0.614792337,-0.847857686,0.12862423,-0.530050649,-0.184018061,-0.414157724,0.38061048,-0.456223857,-0.223086041,-0.684798647,1.105538443,0.120555412,1.210968169
1.210233585,1.023854757,0.697465023,-0.23493796,0.77429611,1.937130377,-0.246172591,2.587833185,1.413651061,-0.391572642,0.72184979,-0.189202819,1.429704847,1.296498484,1.162691148
2.193599777,2.846316367,2.474742114,1.726264441,1.917834486,2.825408144,2.480829246,0.393494865,0.61811846,-0.766394085,0.671835605,-0.817488406,-0.335344474,0.769346481,-0.030111095
-1.532462979,-2.566833145,-0.22476677,-0.568939754,-1.292871462,0.222607827,-1.940408239,-0.241873364,0.127403352,-0.467492622,-1.936981258,0.138198596,0.50662147,-1.887196122,0.034670783
-0.974760813,-1.877439386,-0.642042503,-0.992807289,-0.306140944,-0.467421322,-1.50921602,0.21649739,-1.174674647,-0.214889224,0.20841098,2.196077381,-0.729788419,1.553201632,0.904371305
0.29491337,-0.394269365,1.223601691,0.013336787,0.775479739,0.699572695,-1.323149709,0.915289306,-0.205502841,0.672472293,0.007882618,0.629947393,1.333804678,0.463884134,-0.808670702
0.009123603,0.968984882,-0.006198814,-0.240878886,1.32997935,0.98717672,-0.578534935,-0.050009356,-1.445793781,0.064547315,0.208778206,0.378097466,-0.162101836,0.903273872,-0.867364083
-0.159591668,1.017772108,0.964021711,2.057078456,1.866168238,-1.02399286,-0.157899898,-1.816527628,-1.408746661,-0.54474957,-1.236059876,1.637681762,0.169955484,-0.386417303,-0.757052247
-0.281660983,-0.468784487,-0.224496918,1.215982583,0.007918604,-0.119762056,0.28328146,-0.565711912,-0.385677749,-0.502323409,-0.620543655,0.105545936,0.394086052,-1.612838775,-0.796272809
0.082040806,0.502302488,1.990866864,0.069120063,1.423519335,2.103987741,-1.588870889,-0.332145713,0.070145926,-0.534600771,-0.071191954,0.270293894,1.852547195,-0.674078195,-1.355696809
-0.461387991,1.414715727,0.696163305,-0.850893598,-1.603111795,-0.766898786,-1.578843118,-0.005531917,-1.095043386,-0.87576972,-1.978891095,-1.306283324,-0.494554104,0.466002122,0.441650759
-0.80603733,-0.581372096,0.187042834,0.825038631,1.82429428,-0.778009591,-2.030832717,-1.429843946,0.315760734,0.025681074,-0.479245221,-0.010983051,-0.550201175,1.141374619,0.07622472
-0.410060868,0.120138461,-0.278258248,0.57853687,-1.208333763,-0.910602529,-2.586079276,-0.781920616,0.826743756,-0.157316854,-0.67858566,-1.257612701,-0.851883846,-2.330346588,-1.221902911
1.216895404,0.605280259,-0.747808144,-0.565209231,1.000468647,-0.127159468,1.742445616,1.222925948,0.268640058,1.201403501,0.406101951,-0.989902678,0.145255661,-1.173005466,1.062989531
0.911189904,-0.908348766,-0.620587705,0.426364365,0.756704751,-1.400875545,2.288833757,0.02640349,0.873059008,0.539542597,0.228922986,0.657359763,0.135311139,-1.296407313,1.956559169
-0.146450254,0.02502221,0.447929218,0.023842739,1.105220676,-0.30924811,0.795070026,-0.398145265,1.035835312,-0.106948028,-1.080686064,-0.235437606,0.923272694,-1.021914053,-0.126484069
-0.424268704,-1.537179029,-0.896587029,0.153495362,0.300471224,-2.022733168,-0.689050684,-0.696715697,-0.153529574,-0.876211755,0.912576046,-1.787741832,-1.550337227,-1.283902732,0.306868922
0.722837203,1.389821057,-1.773831142,0.633310787,0.239165097,-0.483064574,0.610677784,1.688547239,0.061322921,-1.296274468,0.559066356,0.111335001,-0.666537153,-0.271197788,0.488256109
-0.132725315,-0.695765369,-1.009627477,-1.694927374,0.744728539,0.450458016,-1.297815352,-0.751136091,-0.86735701,0.803273036,-1.067977106,1.593856831,0.32453092,0.331037057,0.04475244
0.274604308,-0.20230183,-1.57253983,1.700330085,-0.268714433,0.415261573,0.084085606,1.423170855,-0.330275099,-0.340910747,-0.876385536,0.183620595,0.28374988,0.942998087,-0.522641583
0.289550047,0.567076723,1.977632808,1.105535254,1.658662262,1.103991857,0.919824215,0.161796799,2.158921612,-0.972748391,1.963902031,-0.67442995,-2.085796223,0.75447116,-0.800666918
-1.354796055,-1.419312049,0.734705156,-1.625822865,-0.520531577,0.273548744,-2.16835487,0.582214045,-0.117439779,0.691100388,-1.163429755,-0.485380683,0.745810269,0.864105142,-1.160607613
-0.325284333,0.089363721,-0.173259184,-0.556450163,0.100095651,-0.945909116,0.046585062,-0.006345657,-1.283079221,1.19147479,0.578814385,0.439522667,0.600248666,1.646223574,-0.373350593
-0.334228875,0.228472776,0.545608311,-0.297751274,-0.656703441,0.297168169,-0.149641155,-0.048775,-0.468149408,1.197792647,0.94534776,0.858871295,-0.038110631,0.433914555,-0.879413883
-0.096162686,0.172151887,2.857319144,-0.476704331,0.48988962,0.673517505,-0.19559798,-0.74593321,-0.72260272,0.375840071,-0.911079176,0.565009393,0.176129286,0.758181162,-1.293671848
-0.127160449,-0.128592681,0.259202051,-1.551585115,0.076611325,3.297961157,1.275507655,-0.885896093,-0.555627902,0.300872091,0.571893782,-0.334555215,1.061715865,0.247261912,-0.283594786
-0.124888704,0.045999695,1.592681339,-1.031425202,1.210406438,-0.827198595,-0.580419622,2.455322423,0.289910114,1.511231288,-0.485565089,1.337471596,0.109167311,0.561856278,-0.415971354
2.218345899,2.324130838,1.23312153,2.345019563,1.241795527,0.859455229,2.000578404,0.727285171,0.745848507,1.957032679,3.453690878,1.213815562,0.102140788,-3.163130375,-0.237646661
0.464515814,1.760547215,-0.220727027,-0.549639099,-1.126444854,0.355221493,0.195735494,-0.504245905,-0.578770645,1.909049518,0.91929071,-0.261004421,1.862957069,0.735869041,-1.012921757
0.763849169,0.160102717,0.518602494,0.356662891,-0.660296789,0.86696263,0.035096602,1.905382433,0.421786007,-0.589646827,-1.020277783,1.071095025,-0.343286244,0.143416429,0.250230144
0.326732139,1.513954315,0.574842177,1.479788464,1.309043532,3.052653276,1.278327327,-0.656182506,0.347111884,1.399581403,0.407666287,-0.012455976,0.501338978,-0.331579852,-1.318086285
0.116248819,-0.086042955,1.445625481,1.530577625,1.394585906,1.012990411,0.60165449,-2.552830416,0.654483273,-1.121633638,-0.802898157,-1.125053617,-0.167188306,-1.086011826,-0.758749061
-0.610429685,0.346767624,0.078336262,-1.377519873,-2.541390082,-1.887254861,0.453989662,0.166297309,-1.587639802,-0.821865904,-2.780516572,-2.787100597,-1.143606982,0.380200522,-2.456725367
-1.141662629,-0.101625876,0.002590098,-0.793647275,-1.475413455,-2.555128416,-2.434093025,-0.150045936,0.22155225,-1.519318743,-0.907956956,-0.861530726,1.459706275,-1.079513737,-1.589011913
0.931517451,1.150942316,1.097275951,1.155314493,-0.926174307,0.084680025,0.695238737,1.014330597,0.048944744,-1.621540256,1.455761247,-1.26403802,-0.475775062,-1.406301457,1.139544974
0.525629453,-0.568523164,-0.610094547,1.251813474,0.228181475,1.012203165,0.221624638,-1.213111731,-0.335793289,0.711715497,1.038889726,-1.066346422,-1.665284657,0.458240163,-0.561678526
-0.094640687,1.388457196,-1.307924944,-0.973943365,-1.813810451,-0.667551486,1.048911054,0.255942244,0.77443884,-1.668985843,-0.509159848,-0.515602251,-0.254932556,1.504313725,1.619724543
-1.621600898,1.061031264,-0.794896902,-0.612488396,0.2955929,-0.890527669,0.49799287,-3.57619565,-0.49099991,-0.99894618,-1.303736014,1.770533364,0.281247711,-0.125405753,-0.473385119
0.435325476,-0.340400849,0.344335852,0.10746547,-1.754354995,1.469388206,-1.258092871,-0.547294848,0.675564056,1.207270137,-0.186555642,0.318053536,-2.062523743,1.045397514,1.788087571
-0.847514002,-0.180324141,-0.57294666,0.291076226,-0.187538454,-0.925599798,0.33307188,-0.418843314,0.402097241,0.123306286,-1.13447464,-0.71839315,-0.744265413,0.612518491,-0.267927607
0.977105596,0.855349564,-0.006576836,1.10710547,0.576668224,-1.83512616,0.749604977,0.233002798,0.78069315,-0.563039394,0.395328274,1.16302318,1.796853821,-0.071170081,0.084058877
-2.006938046,-2.441482209,-1.894054066,-1.404754554,-4.026301164,-2.220235456,-0.402176115,-0.062157309,-2.719425045,-1.995707045,-1.223973067,-1.573483235,-2.1044161,-0.44560135,0.703724154
1.791551747,0.451861432,2.506531145,2.809288022,0.526866725,0.165730019,2.806700656,2.510334014,-0.232818465,0.661462705,0.568258714,-1.361804445,-0.537430161,0.689469333,0.061837234
0.311337854,1.841871342,-0.258277665,-0.3496246,-0.263915382,1.955541963,-1.782659243,-0.717216376,0.791756596,0.713347513,0.054629887,0.266100956,-0.728190396,-0.525658977,-0.074047895
0.20509577,0.174499024,0.45545967,1.72270876,0.066431706,0.797622921,0.983010663,-0.395028028,0.048389276,-0.907490701,-0.448820053,0.009681854,1.534054212,-0.03151844,-0.388548995
2.08784826,1.503790483,1.421374356,1.301290635,1.318404007,1.361114608,1.261848878,-1.12012212,1.509659222,1.171822781,0.25731398,0.726317042,0.035332543,-0.15469415,1.171748425
0.900312899,-0.788430241,2.007780974,0.421630569,-0.35301017,0.491887328,0.682913851,0.968570818,-2.467480788,0.102791181,-1.216447351,-0.667196649,0.915195638,-1.163611876,0.790315356
-0.038029854,-1.305978884,0.27382086,0.045930026,-1.501711458,-0.698370307,-1.226866886,-0.133177507,1.137809417,0.818602001,-1.905371618,-1.30375668,-0.576894292,-1.374322442,-1.164407938
0.546036457,2.583032535,1.85176378,0.893311924,-0.464021731,-0.264614471,0.771040483,-0.414239766,0.807673059,-0.978454711,0.536359332,-2.220947204,-2.004225804,0.257419627,-1.656380467
