X,M1,M2,M3,M4,M5,M6,M7,M8,M9,M10,Z1,Z2,Z3,Y
-1.6219399597799544,-1.7426263932319124,-0.652735122815369,-0.6423974519692734,-0.06695945227863531,-1.0202878995022204,-1.4726278922149285,-0.14041177404165006,1.1175651176281063,-1.8250150813992438,-0.22022636277310936,-0.74216078460662,0.17680416940808827,-0.5452185272947843,0.42218628935876734
-0.12115529309436589,-0.9192569046041942,2.177400650696795,-1.0480127795900724,1.3558285758662407,-0.6679643685423187,-0.5547642376051733,0.7024320995045892,0.17175277037937145,0.3321004923586039,-1.090830963228873,0.0526845457547767,1.5123954205324515,0.8823511840821608,-3.26481593717308
-0.6137695071962808,-1.0827727261037334,-0.6355426358153823,-0.689442866124544,-0.3980825707830833,-2.2524429558777466,-0.5693677354320683,-1.132824645962629,-0.4942557962640438,-1.3644843444220127,-0.43528732184320246,0.7321976202070729,1.2981049517825842,0.34551594128755136,-0.7969518762134524
-0.8035213480503435,-1.4826411829779755,-1.1133832812559394,-1.3694120650198456,0.5055974321613109,-0.6128421711851216,-0.13059814696066024,0.48967274115600834,0.36425820220828864,-1.6535258582181696,-1.2736587719121948,1.2109584738729657,-0.41809465796662837,1.125422161647915,-0.20462492389395182
-0.23524123535524352,0.10094618916216194,0.7173748504788321,-0.8294767061270616,-0.6607151841533829,0.3352876803522407,-2.5615966240494017,0.48169370278377177,0.3326896752296203,0.9668531177002186,0.3728250957331944,0.6827548187907327,0.09820188962901805,-1.2736493961801891,0.0893565386750168
0.13639514586290336,-0.3447276458603321,0.49110130052317336,-0.9841248037609286,0.40381731404687976,1.7384380046234156,-0.7156702181187548,0.13705652269310853,0.6775717627645652,1.3639686230972496,0.07187732046555595,1.0105184443402826,-0.1766563906309579,0.4881723379327077,0.49272044066436416
1.1109820413161384,0.299680285954762,2.8734446851435584,1.854894611947141,-1.2836560556252874,0.9867391402773185,0.42320721855016885,-0.8019050604340122,1.80123727975364,0.5500283289074558,0.7711225283252163,0.7377435191824427,0.2032646113968217,-0.7569205544669266,0.45009830618951596
1.3495585033481117,1.7194247691421753,0.8198062893872721,0.154147840840257,-0.7659690036631314,-1.1223386624715959,0.701822109207716,0.24831900035955184,1.9621578982019134,0.05714152692508412,0.8275933831764261,-0.520481651274753,0.7456437507949991,0.3726309294336997,1.4002743917560339
1.9014367440283702,-0.29260344144350414,0.8274169830521569,1.0150485344151552,0.41990080410860264,-0.4359509428672369,2.1584917424634575,1.9405075262206848,2.3988761384390958,1.5751804605805546,3.7653183987423304,-0.19388332732715763,-0.8393108084355388,-0.09752658076353164,0.26413203201214197
-0.04146455906460091,-0.32424105560020317,-1.14347370700209,-0.9830452303743552,0.7369304822472256,-2.7207293572057183,0.5033364617966837,0.06751427490675338,1.2270644048939028,-2.298137596855092,0.2207588268297091,0.291391188884918,-0.43577572703823914,0.6456318415803459,1.3018292789326789
1.451976597932969,2.2026624191685613,1.3311419240851783,1.8074056753331367,0.4427475920254017,0.825752380577434,1.892767066535428,1.034386596429059,-0.06519850254015436,-1.5698408125614862,1.4891887188256558,0.9607505475293456,-0.10751712197101028,0.5575334224518931,-0.09920669646713653
-0.40738974503190817,-2.1895335842371573,1.0518649938919917,-0.7642911862726987,-3.1282044209299644,1.2874059097550838,0.9845483251275688,-0.1326458876150484,-1.7102897233142258,1.3922413432961647,-0.6720223491396229,-0.1605764492112306,-0.8908230684568995,0.3665580782758752,2.024943088705958
-1.8934666236116993,-2.4179005942283913,-0.07788676741081335,-2.052681221823341,0.21394439334611803,-2.3898028349531537,0.0723216611867048,-1.423920594085752,0.13223182652878007,-1.9662646393154322,-1.4360764033904487,0.12971381721645323,1.6433142317627847,1.2790068171056779,-0.6381732210894392
-0.22498177840584793,0.43511697092195045,-0.5458434345034773,-0.03578695397501459,-1.8201506622327248,-0.5443147935244318,1.0567169189004466,0.613081247388032,0.18235400618279618,0.5472457914597868,-0.3681025869092025,-0.6740237316341746,-0.06870122054208552,-2.5622754132410024,1.3417370137486242
-0.6050472962874243,-0.7331564382209654,0.06977304087948993,0.10382195119666676,0.2922616802954834,0.5019186526307577,-1.3749426232083444,0.6619021668661675,0.751454520192055,0.4536097069811543,-0.3490832163534923,0.5606825388580983,-0.1394188582706727,-0.1617996789806258,-0.3212147387173013
-0.9044521162986536,0.6548751800048751,0.7038103933473668,-0.5735605862050386,-0.37753812429536643,-0.47372663972186924,-2.307586158923203,-0.6228259852305976,-0.34249545744754767,-0.39763985356706827,-1.1722727974292202,-0.02882127608392194,-0.4913709865894373,-1.5653545171258882,-1.2367821608565663
1.4785741770715775,1.0635815608685593,1.4092468571212349,2.299152677033732,0.7767487980645869,1.8612098122818268,0.5068110240707904,1.8040918344024646,0.7303720461201717,2.3137491054461874,1.222467497939241,0.9628770524385989,1.653800312435684,0.0062327103471075595,-0.9900762420330247
-1.1992290664781216,-1.366677560444085,0.3524681414231448,-1.0930950552600793,-1.1529971943969315,-0.9234452220288187,-0.40021117185173366,-2.214909785875479,-0.7699270665588167,-0.6072570761997156,-1.3129997560876971,0.5110985507766612,0.2408639375712914,0.48447936118350293,-1.4621095631949863
0.25924005754973956,3.313342852310662,-0.6018811168910911,-0.12414630457479872,0.15129844842703655,1.4435825651402554,-0.3836967226868969,-0.5881917655622053,0.31072961929640325,-0.012517439353090895,1.1437736211024268,-0.15321853511218422,1.5063606207597637,0.9951869061322334,-0.29949091690530616
-0.4676686069863978,-0.418883593934286,-0.3491431299319452,-0.36474226771564167,0.3887391956322289,1.2002983923929416,-2.2953381068327605,0.7661334934724253,0.9489811247453235,-0.09565016717528114,2.7836640122211147,-0.7512314682770722,2.0231056999140575,0.47657872177956134,-2.2181608526274217
-0.46311246251659244,-1.1686328018207033,0.47346569664323246,1.0071064402536165,0.8362388691757582,-0.021343660740774706,-2.4178251597457416,1.282470639371382,-0.60805083566567,-1.1768536766775264,1.1270951533136788,-0.5242659026721564,1.3662251629070066,0.6860716581794905,-0.9998751403130296
0.009993555979772022,-0.4477057113313482,1.513156563547456,-1.23678887394135,0.4688505566610012,0.47205499438313625,0.48494210118241887,-0.7576848455606608,0.7678194839071164,-1.4396949680618023,0.39774259580593074,0.8823075364172247,-0.8309566208619085,1.4421927940497037,0.15126001931372146
0.41806184755746706,0.851595241139837,-0.5833892660853984,-0.9403869528233557,-0.019787798738153922,1.3324009516612079,0.7595039649104105,0.274940546064857,0.7037929052651972,0.23972172255486662,0.6606911157271276,0.43578140975647356,-1.0330717490051304,-0.18081722734318859,-0.5724028101625763
-1.331042531877871,-1.1781985979251925,-0.7708394689417136,-1.512451483829711,1.4726077624325276,1.751428672582636,-2.0810486203872016,-2.3665046970462225,-1.0051776951451359,-1.4571012724780208,-1.32415537319221,-0.5697342292097526,2.3269987089369915,-0.2609922993891379,-2.3421262144461563
0.4210981558072303,0.8292030412919593,-0.9496964399896465,0.07947354615851987,-0.490740515709019,-0.5503569864457809,0.2889195001583057,-0.6733707012653047,-0.3433140602807788,0.5275445941211608,2.1516714985449243,1.1187138212686265,-1.3772081166376844,-2.0039691662400045,2.1416760433385997
0.5171286797755064,0.6932189814128833,-1.16940431547144,0.3672526033635453,-1.6485152624131731,1.5629986696971798,1.0189982584516941,1.2096973956475594,0.09661184461271521,-1.080832730583919,0.9717085790938165,0.3978285280165325,0.4283905207532753,-0.0700712604292736,0.6921409820441916
-0.2734094395131198,0.24418226537437404,-0.008529184421117691,-1.1936864651417427,2.306994681720981,-0.5145012856369984,0.1703242534951154,0.005837213429902788,-0.8041327155039624,2.290482451306628,0.0692246498186199,1.362235409484332,0.7498595271947552,-0.1411757463372467,-0.7677641851374899
-1.1298448692613223,0.29789711565947663,-0.17619471441315437,-2.712699734905921,-1.285226924518549,-1.399610409372371,-1.8239153955958076,0.15911906050878488,-1.318133255986302,-0.5225204364504458,-0.9130340523025169,-1.6243960600843756,-0.9567289212008112,-0.08879619229676948,-0.47383326596139064
0.869911360072521,0.48253828287865363,1.2915948190367403,0.5721995635125439,1.7731053055321042,2.6137028213152282,1.3055155611541567,1.689463584001635,2.888968465710866,-0.03534068084554426,0.5322328889493022,0.593062801521196,1.3720372771640397,-0.5235977654324312,0.8698216888487232
-0.5667018017125782,-0.19660121252872467,-0.4962839682642072,-1.144609911383929,-1.376716141325249,-0.9487415120468216,-1.1090365861951355,-1.6596114868211391,-1.246797254557146,1.0767775498972618,-0.2164971207063486,0.42155518641547596,-0.8324728332942595,-2.3066740769034104,1.556865638553814
-0.10157258539960817,0.29024913341898795,-0.7172387868560198,0.6971536237911571,0.12373462569871502,-0.8300219631581564,-0.7360453602954495,-0.2565593404906288,1.1656240574963324,0.6761867865335718,-2.0849451740561875,-0.8341112765679156,-0.1849412915664007,0.31267570859487903,-0.3208500974195813
0.7199992710491895,0.37981073569548757,0.6963473564648727,-0.7269169016489784,0.9799035188487378,-1.326825115309792,-0.6742955314008374,-0.27513955360747594,0.6183010036501388,0.497687007913604,1.7434720999062239,-0.23766746876330627,-0.7083924669996268,-0.9305190813753113,1.6011580807886834
-1.8997953582719214,-2.0354366548900127,-0.6020320620796292,-0.14576840690407478,-0.045049829818305964,-0.405355948954505,-0.43198439912953635,-1.5331506501649912,-0.22769336512601202,-1.0914912744628962,-1.4871052951607293,-0.7837211594852587,-0.4294377802891934,-0.8615037844437934,-0.5110641673337242
1.5376091041161561,0.41976636641180687,0.5870845081343347,2.7297483931201967,0.7338676510033256,2.8577354747138086,3.5367083968441024,0.21743223501733927,1.3405547875616557,2.2007385942153244,0.5696126567055464,-1.0506516400079549,0.2414795656954101,-1.75622390830643,0.5259589142313406
-1.405884086145849,-0.6470516227645801,-1.389436388049851,-0.6645201402566083,0.8811521039563694,-1.6869808328489642,-1.1157797521938444,0.587363499792961,-0.5282157299842988,-1.5214202865915059,-0.660473756531328,-0.3809051823692693,1.2110579384271383,0.6836799090368948,-2.705692907215945
0.9513884137377744,-0.7817843346284157,-0.7156619534816547,-0.1831953160561991,1.2077959293626432,0.7959281835450718,2.0509502504808372,-0.1882102816430426,0.6672624931859157,1.3738480204586148,1.5083850332019546,-0.8550437446221765,0.06367405820431983,-1.2493387225233832,1.38085049294266
1.3354085869305616,0.5300500538511057,-1.717721200828448,1.3574730426208097,0.39547209924989024,1.8566800510556383,1.5329599688796485,0.7587106461119286,0.9805662466207113,1.6502933062342655,1.239134318149386,-0.9968715929687705,-0.12776889151803347,-0.8982587601782361,0.7677830244732105
1.1948288022526932,1.555830665791029,-0.3424848001776608,-0.6754554119567838,0.446657592638963,0.24611641633051246,0.2573026840193243,0.8215683080771651,-2.0806158580546636,-0.4122475105238066,1.6866571918920124,0.06351412795730722,0.7082791744253024,0.27063531427325005,0.7853465056042815
0.2432040439247752,-0.7496675021484243,-1.1923340907340518,0.4791993902695644,0.5646527235301798,0.8431238435525625,1.1773831942552366,-0.8402500018659884,0.79086195462013,-1.8500605908812617,-0.08231146773090828,-0.964301033552356,0.09122070906969965,-0.6875238086896265,1.3234823817968593
0.6489562187285387,1.8165976744588033,1.9514768295873537,1.5238864030009507,-0.7033999304323661,1.217910138326388,0.26944159844742244,0.7453491009540075,1.2017431682548878,0.9054244363120054,1.5396959762155498,0.9115269398499036,0.4178990641057052,0.5107502501709941,0.46118346027064355
-1.3470115743520839,-0.0914100073481321,0.00019741395456912558,-0.8282087872668692,-1.5219739299556463,-0.8477664606832973,-0.21921418667854387,-0.7721195512157994,0.026467001803100465,0.01190961945510327,-2.614838326751415,1.402383690503432,-1.1595265966426431,-1.2010190148968447,1.1449804114086126
0.9975506822258182,-0.8622030845724642,-0.10418661113625854,0.6104610489702713,-0.16755655794065932,-1.4035271470808333,2.1568910380642574,3.5150989543468403,-0.5739723201007227,0.168873135217329,2.1887336543229194,0.5378123147759445,-1.4098458377213046,-0.2694595433581501,-0.47445454876386417
-0.056750318724212954,1.547758012177961,-0.11222210205317044,0.0750422568125798,-1.7229704706339168,-0.2758656989263155,0.15221034005212686,-0.8813319422014492,-1.1846163784933343,-2.3259434669934635,1.506094428507244,-0.7167140896049329,-1.3584695348610796,0.10767672551697959,0.7007621682010663
0.6415833196146663,0.17322736077969658,-0.6600287999377353,-0.7004137926968017,1.2935212499798747,1.9057341433828345,0.2658668003385525,-1.1464724768116048,0.01653331253186996,-1.8410267697772884,1.681524967221947,-0.472293519482625,-0.5527799514796303,1.0391172436119966,0.015291722619353909
-2.2490132759164276,-3.9251200595666207,-1.341249798505753,-1.3371496189528262,-1.1459857177948003,-1.422311520307454,-1.7655407543768513,-0.31290971331348805,-1.7235219799659958,0.32901733805919897,-0.06308419012357436,0.9146434673597059,-0.5234227629362243,-0.1202826994167417,-0.3392767010305914
1.8917985571218008,1.7935924413323203,0.6067347252978402,0.7142510729725463,2.6026656275640487,0.42984734318837176,0.9854810456755252,1.324220364567797,1.2077952017533768,-0.11022377787979487,2.3193343271904867,-0.4699777379221198,0.8730970780555474,0.7357917072731124,-0.5105889431633037
0.24448221156978067,0.3709807880726495,-0.8630104151756086,-0.5005934063048894,1.9872322428546196,-0.0036371667763260562,-0.533122276713707,-0.2097404881500014,-1.3042860737730793,2.117894652663785,-0.46257085981428436,0.6013558414445169,0.10487984967684537,1.8313780181872117,1.902920373399802
0.5926901067863279,1.5254622143359353,2.470786242942506,0.5002512149060336,1.2339353024163182,0.9816902694150436,0.41118403020275857,0.5527328789813375,0.23267768984160386,0.09064875116913984,0.14549575788046396,0.42115690016630436,0.8969699935240153,1.9280111376627362,0.2917018995773711
-0.32365494132171213,-1.3695757959377282,0.31719776830007385,0.6407706316669715,1.1840150174222472,0.4135760042402309,-0.010934149616635302,-0.19379642607620537,-0.5718781622218793,-0.1858418385303212,-0.04423343893407297,0.776730035877468,-0.4861058912792087,-0.5694935120867355,1.2410393893865956
0.6808213149715557,-0.10660073176353935,-2.522961366619404,-0.6765104094498697,0.8699646626998719,-1.485675245036278,1.3766424890324176,-0.7875308181215042,1.0863060296619766,-0.4562672951855439,-0.6379065897977456,0.2919448228355148,-0.09553296915587954,-1.3325062201076938,1.425035013577494
-0.11045609390176897,0.22692069644221957,1.6603754262195392,-0.10425285654442468,-0.42561501901267285,-0.24683963550718424,0.830715098353542,-1.077468600276952,1.0823827560894361,2.219013377210643,-1.2216717770208594,-1.1672140238448194,-0.6716304559284054,0.07210258363896917,0.8755023115887282
1.0896709997317369,-1.5708858040602145,-0.5478608879937076,0.2902293111208022,0.5636696374605628,1.2068775417586308,0.8696832353228632,1.3613373166639557,-0.3347262202571639,0.8942963212247315,1.6141392555353327,-0.24186859232507604,0.8404112778927239,-0.7147278127691109,-1.2194849084261654
-0.015633924326252404,1.5784737686373698,-0.21337966389319157,0.29277973052638173,0.5377886397379685,-1.1721310813913204,1.4593307443921284,0.9658143561495918,0.6453745877551422,1.6669713752867636,0.07079499871950681,1.1034209182110182,1.121988782018153,-1.0408315614633774,-1.9825958468948073
-1.2207220380032007,2.5108763912166183,0.5714046824851851,-2.030680973874178,-0.7314287713212855,-0.6862653508948041,-0.9805001312278001,-0.9667139114496882,-1.9944291092167934,-0.04526495008024478,0.30886314579174823,-0.39039672912002665,-0.8839085705142246,0.28258555176217237,-1.3672083886345534
1.2059707074927681,1.6044885103107795,1.0902206102776137,1.3572148097312393,1.3600320798469052,0.3664941570088361,1.58293927156637,0.7202048629545958,-0.5973146091014587,0.42623309023032774,-1.0311909341868153,0.34106022543843506,-1.4129935422408082,2.4574072803993627,0.40174807317793504
-0.6928270427403922,0.6173039978561101,0.941137641445876,0.15191160903293766,-0.36828676144931355,-0.968626792789491,1.2455408095819274,-0.47771241537555326,-0.725628350299375,-0.3672462247334722,1.0786467021706003,0.26781976453391954,0.36991515266976865,1.2244572000645664,-0.10915380284506375
0.28992280361288664,-2.37736988307678,1.5348905378077764,-0.7134078266309647,-0.1972505189552427,1.1034624305993261,-0.24905169177462935,-0.7785970353107431,-0.9343713190618506,0.5584676849512381,0.07042429816592069,0.7321828870828527,-0.3696243072853223,0.19905812614056137,1.2082319255476914
-0.6491212006276362,-0.7318365606105388,0.3576877399625992,0.11478073139731365,-2.2107314078295572,1.7265075232610692,0.47278257684163216,0.9660390786494255,-1.4613913559444383,-2.0769135804305043,-1.685129079191855,-0.010464115540370026,0.05459867542938251,-0.01673125769170571,0.03608538920834904
0.37737522295517145,0.23552018084122825,0.8330589280283872,2.047771453871389,-0.7508224391049152,-1.241455740137019,0.8790505406914395,0.8109140002612163,-0.7054766907202783,1.0456821909409726,0.977663845317776,-1.2580498101454505,-0.45075574693681686,-0.35130915519020806,1.5558558245557743
0.15313929389781203,1.6297773320374074,-0.028648402492383172,1.2708120462437318,0.2838208477116276,-0.01738089948204178,-0.09654419346708241,-1.309514865928156,0.3668529624397947,0.3339588041986163,0.8974250096458193,-1.1245305194993052,-0.24264256078346372,-3.2272098811827474,0.8975960179164904
-2.3467862353218245,-0.31911107408357586,-1.5007096831833868,-0.9408427561667003,-2.033867262228584,1.0854684243061838,-2.7962175262196935,-1.0570172797803317,-0.6876575101004498,-2.0806565947382776,-1.6704082451425626,1.2086290936616833,0.5855189597536384,-0.36457759271627427,-1.4422612560798656
-2.0659514745730228,-1.578476017354352,0.507596577352305,-0.33182081769928495,-1.579820743026477,-2.020058529332345,-0.8348762309671689,-1.0484398676165745,-1.9191598561749994,-2.337535759106368,-2.2061314215251837,-1.364643850617617,-0.662250115907224,-0.4926888122160549,-0.8479937540210776
0.8291851796836283,-0.2262986799654555,-1.6061077066780522,0.6300932263484113,-0.23413007665869362,-0.3555277938107791,2.943364119333243,-0.7100170368817371,2.503163763354868,-0.31814799917623343,0.8092935150207076,0.3076537402987204,-0.3035045588502762,0.8636718579765524,3.6427581205844772
-0.5848383875654514,0.4275480532611639,1.3225476603781585,-0.7518545902362623,0.5495078820937658,-1.1696970997296299,1.3727235368239765,-0.6752897156340398,-1.1422242062810632,0.654156951935308,0.4065304140264991,1.758771478026918,0.656315323819015,-0.6231465775517239,0.054252010085642205
1.0958436788115944,0.14569382585642343,-0.350364851738387,1.0177091189599667,-0.8561864641446366,0.7027739375906867,0.8426341413827794,1.4412238586230925,-0.7512244461687234,1.259277547178916,1.1616049237954595,-0.7252806060530911,-0.16426827985526452,0.6548264497645401,0.22551054615917684
1.0167986949165475,0.4717678402862367,1.2333774771002086,1.4190057638454607,-1.0131483929464928,1.1712250140114253,-0.24411313189883566,1.1751811384945523,0.5707069423692339,0.4297339611334882,-0.037257858738622085,-0.6410595540044421,-2.05066582068792,-0.15600474825487176,-0.7488633461282068
-0.04818593875718198,-0.2993884533115136,1.4433119585741878,0.04907091481034288,0.3743479581061184,0.32452238560919355,0.38441638870430694,0.14597535998174577,-0.18441910220522764,-0.4691759358318601,0.5548212490207264,-1.2442300574040615,-0.9042090652163154,0.2972097497292991,-0.24868312495106462
-0.29946758685931274,-1.8530856860672478,-0.6287984063065136,-1.2903527772732741,0.29009251845591094,-1.3089345703011388,-0.2660204740668075,0.01562240119637176,0.24223808332606195,0.5198785952386534,-1.4938568238662902,0.4871330797573534,0.6171707624378148,0.980474797340396,0.6158158237620888
0.8535383533193981,2.100551061646583,1.145681970922559,0.3682808129342158,1.183113698760772,-0.4388133165795471,-1.0873786420076588,-0.909712834106097,1.8278969439438906,-0.5817213232859639,1.138245851512441,0.351473728380949,1.054745493655875,-0.8147339284811653,-0.16462721364987415
1.7752866950020083,1.7251873985169093,1.9155762286780011,0.0847347053905898,-0.030646083672065783,0.11486371357326808,1.4579130965022977,1.4708640794780157,-0.07214596881166246,-0.500681766884462,0.14771136244824867,-1.8092298689427124,0.6619673645696773,1.0185222947065558,-1.4672731312855498
-0.17658827044937966,0.6348726332109056,0.39683673822462123,-0.38992966881855207,1.311224812177126,-0.8144796857251543,-0.4358643110276278,-0.19297893457447218,1.0266577724260277,-1.442433177822249,-1.6649810258470263,0.36955339099700385,0.6952028467825755,-0.33746892095280334,1.5445798642017798
0.06795597618248285,-0.750319268630157,0.9013345738551084,-1.2337018158544846,-1.077877070072512,1.9980429474341883,-1.2519216881095785,1.8881171289700303,-0.5661849782109384,-1.168092806610252,1.32270010891432,0.8753035310483127,-0.0020791995659418276,-0.3732318986878282,-1.0918405249721548
1.006901221065989,0.5405383105800996,1.3298003065867747,1.0724398816514387,0.5873286171694609,1.412764659466398,0.9525928240852914,0.2995474383412483,0.001774358336258386,-1.4087072729848316,0.7488820894077758,0.4680691124883732,2.3000205730004013,0.7847099675318348,1.9957121169295926
1.5918641837321628,1.4353947797520243,1.514441846803421,1.0116335718566902,-0.44058855038059863,-0.34542891394628805,-0.949258347089508,0.3129474850275403,1.0822211628622642,0.17383170360858557,0.4023783833569421,-0.2494941406233658,-0.6011696407679326,-1.2861612554879005,0.7331989206774087
0.1294306024262933,-0.7042627062455346,0.9171836229755548,-1.8900524732917434,-2.1231412538879524,0.9094330523405628,0.07034094633918189,-2.0051262730901662,0.07596394993880194,1.0563193256213796,-0.6969101646182301,-0.18215401584657775,-0.36483292843478293,0.5072920638929835,0.9628444687983521
2.0120362036310575,1.6366732043548082,-0.2171027267549951,1.15798324184864,3.266807335049923,1.1296031425291768,0.6214479617456182,0.1680622874096669,2.66307832687232,1.031435446935963,0.8948876218784307,0.4064990413760129,-1.2339555489496983,1.8101780547314101,0.577582673234669
0.46984023070015263,-0.43809225439019334,0.1030101551887382,1.0578464224089241,-0.07512384320130466,0.7967211692999703,0.5818385390619996,0.024682898045014973,-0.3609288050129711,1.6907106525381894,0.9222749709553337,1.3483063955260008,0.08811122366184926,1.0263721179407488,0.9919359918082138
1.8132486467205722,0.7173808643629064,1.8976112687948292,1.894573920311412,0.2547259871853536,-0.7108343612911303,1.2733222665780737,0.9152189373095021,1.7872814761141353,2.497346591713291,1.4534574374829015,1.2021586855824655,0.0218817262238804,0.8225917888557771,1.3378053855921341
0.6510113973966382,1.1285177151835668,-1.3635134588874436,0.43720878805358027,1.1065359563906842,-0.922839144226889,1.089924410410665,1.689862262784569,0.2637275284549337,-0.19240970341443087,2.445857959468702,-1.220593859190771,0.6314718451829269,-0.3105228830835801,-1.1061555188744918
-1.4553371282226641,-0.9587614622711516,1.027025767931168,0.6319774515740925,-3.460847200835107,-0.9965668177481329,-0.6849752496849136,-0.26091526274820553,1.0921242580316506,-0.8961743071396318,-1.0859355576725016,0.676926583151231,0.7630806069128099,-0.4026955047321562,0.7171314746905451
-0.3147076481259917,-0.033965678967205065,-0.604469269245016,-0.58032786318691,0.6161919557414504,-1.1785802170048172,-0.16885575101294795,1.1489284927502976,-0.47248151403980565,-0.8307162529555094,-1.271638964054155,-0.040988193210616905,0.2726041881490716,1.1838740460332746,-0.3713012465103158
0.36152891497399064,0.318428953950904,1.456481087278825,-0.16862600651518983,-0.1543159064764264,-0.08130644078332963,-0.011898632679312404,0.21072573279683113,-0.6463210358880385,0.4657487747576451,1.0865753204422355,0.02656318068920077,0.13191536088399886,-0.04210967623764807,-1.0726628348091127
-2.569963829673382,-3.331443580506317,-1.9264771243961683,-2.2680267317680376,-0.6069013535136958,0.2318752586760111,-2.114945689690754,-1.103360826404077,-1.2622864032524916,-1.0824931331025798,0.4577444829110411,-1.0905378367493395,-0.6112938907567362,0.6078947603237939,-1.462888023261103
0.363082439816818,1.1147195660240474,0.4506269332343905,-0.5928320070570253,0.1617123906117546,0.5196497552358591,-0.7044780186558723,0.28995787829032094,-0.07691138648765464,-0.9126880249415263,1.7295458611527958,0.017490170718559385,-0.7135847754599022,0.29419548094036796,0.3197400421041212
1.3175947117736164,-0.19880894007207217,-0.792044815801483,0.40319613621017236,0.9095977724751186,0.6026615309622021,0.850410371124242,0.8719895747727677,1.2587831186501954,1.7669081790886283,0.5862245560101653,-0.9123773937812609,0.9773919540037675,0.8885113054318029,2.003904295012431
1.3814693036598593,1.8135655798263643,1.2318385553018159,-0.13960729020843066,-1.3074670222784026,0.0010762225134474113,1.822211225097642,0.5350617009774241,1.1412267660687325,0.9076454662725111,2.483038048460762,0.6579222268163438,0.9946570583192365,-1.5580033123026835,1.1453327932859811
-0.49987285695221273,-0.20080287432298993,0.8497292805330982,0.7191933441217492,1.0522144186879923,-1.0643544079864977,-0.25478126073798557,0.8764936719569403,1.2961462098505248,-0.2677601781382911,-0.656953838420197,-0.3290547552738849,0.48170072265890274,1.841523207885222,-0.8934824118016478
1.1918226401532521,0.4874761233790306,-0.06329563263167304,0.47334369325761405,0.1573322614997283,-0.4159763327635571,1.979223269226499,2.3750544822161896,0.7363119024009795,1.416041903812146,0.5489134902790485,1.9220469648887655,1.5521259765181907,1.2520557477521121,-0.156385973065297
-0.24007697091421973,0.14774394857769094,0.581663870778264,-0.1160168817591647,-1.3789699953294134,1.8779349465701012,-1.2026997432736177,-0.003186954720392293,0.844279988707186,-1.3521130419907383,-1.1217199763870669,0.2078044934821847,-1.350407712016065,0.014300670581062772,1.9635611115513574
0.47234955791487493,0.35914630853160817,-0.01695782636371647,0.7411526956365447,-2.0895874417198343,1.0386642969075883,-0.0020873617194390737,0.03076506144461666,1.0459314838406484,0.5588768861770022,-0.6218698334074242,-1.1118891585011488,0.7275228273330061,-0.2950405468479297,-0.16471103482589022
-0.07720573445829507,-0.21972432958277835,0.6149805829029396,3.0531567665138444,0.4789565212190781,-0.14358445078139534,0.4101284587510809,-0.5638783738091616,-1.8554541380377934,-0.6193806252087746,-0.05192463507206628,0.06925263813925657,-1.7477255184710974,1.2479940507535567,0.766662373938416
-1.0918840960718754,-0.17434733693196314,0.7698592897295427,-0.9707545389022293,-0.7818019864472863,2.0671169547819246,0.7192148313461073,0.0795197183380153,-1.7799201101639317,-2.2020151971086763,-2.778650723215192,0.7811747418349185,0.41272257868623397,0.028746521504448334,-1.0526461045411817
-0.6003853596626508,-0.05178371258650222,-0.5650613385097379,0.7313074175990812,-0.5055196443752932,-0.8054244553516872,-2.332282378102959,-0.22386378808779014,1.7523953821451643,-1.2593585743266742,-1.3320358569090853,1.0791175600329808,0.9208042575394209,0.9485385664314511,-0.15454467976141023
-0.21409767852607528,-0.8264296727776317,0.46470153452913077,0.7455979818621102,-1.8864628381812132,-1.377520758994509,0.20427736351483808,-0.07352889615733044,0.17958534674776888,-2.6779058888986604,-0.3049770343414387,0.48788825921577067,-1.940523087468393,-0.033878239717803564,0.19332646047906488
1.2330460513119228,1.909879765005071,0.7421339635211361,-0.06364932192140593,0.7409776344662098,0.8290111936836285,0.19960050304493737,0.9550680902354645,0.011270375821529122,1.351669568926528,2.1886215923109797,0.9827084351047602,-0.5219674748124132,1.7907930090781055,0.8911218875521993
-1.071413669546648,-0.8913164494219182,0.8344380629769104,-1.3283912933873776,-0.6081503620318947,-0.28710384681955214,0.01654791829459712,0.2619238947599121,1.2612461612001353,-1.1521853787715526,-2.565556728302161,-1.3422178171807186,-1.4714438413266795,-0.45090389452414215,0.39930403347164517
0.14417926768382314,1.6464725694408449,-0.5327324182300982,-0.9298840459285498,-0.5230839017922264,-0.969955602501475,-2.0075864249957682,0.2753737474283985,-0.05432714555395121,0.6009665503113215,0.13997936998120578,0.34631550726583393,0.39942302991086615,0.6587291216121719,1.1384900600058583
0.6247688945409883,0.3520611391635098,0.223652628232162,1.2344808862665535,0.6309617836067095,-0.12977927516106053,2.0527547990982087,1.2686650985993548,0.7065185425308576,0.46790872127174254,1.0402758024067942,-1.1967232401009564,0.8783379565107415,-0.06316464121861833,-0.4597097547172189
0.22844034325792847,0.6527075452974572,-0.04631135231261882,-0.882335797856352,-0.07272309605428025,0.9407075358252401,0.48583506102814156,-0.2645643756798757,1.4742906310328043,0.13923191492783482,1.6126644796705154,0.27876801321723876,0.1894418314413232,-0.08681075211691203,-0.22681790412498076
-0.003644930499115277,0.7362465494127598,0.8900775259459117,-0.9019063289068758,1.0881622526951156,-0.8534875157702455,-0.7849716612277374,-0.7863760948528494,1.9314874827381985,0.6258038163235093,1.162441650989896,-0.8408452115054692,0.702425641109379,-0.5758868153112002,-1.4072420872268112
-0.15506724486774395,-0.4140994187001335,-1.0487761017808657,0.14642917046084455,0.7562646336975537,1.554527528605122,-0.1394579615004037,-0.022295582911689836,0.17193519488435535,1.3633007836695101,-1.7687024389263009,1.2522388727659703,-1.3458555825922465,0.7547231553922231,2.2410808326441227
-0.595748133254445,-1.6433212937693051,-2.4758533197209696,-2.550899821093644,-1.6022450893512061,0.37948063268782173,-1.3509831850888323,0.20957935357021168,2.9146065291407,0.6802289931357127,-0.16211404736325521,-0.5959512405299929,-0.8810607314237585,0.4175155067051037,1.017294060528679
0.2824120388877422,0.2924137542105658,-1.360638873565364,-0.6901131921013256,0.06669050409581498,-1.0154362797595395,-0.39210003991844455,2.463263682705361,-1.0473308924954403,-0.24292848210646506,-0.06792468562666706,-0.047984149507321314,-0.6685282983977846,-1.507448587557352,2.242553154403766
-0.0055014968157790665,0.6344830821964279,0.5064287059265464,0.03742298439578745,-0.035236269163764676,0.4525946916410669,-1.7011759251963576,-2.040483479296999,-1.4853540865899448,0.1470123577869471,-0.6141449021534596,-1.1135903842338855,1.519299190807564,-1.1972792519015891,-0.8037579569105628
0.7408406376539377,1.095245358595168,-0.8088127567239523,-0.4285132643187014,0.24038674006637661,-0.3254224958383907,0.0656206250775152,1.9182320755037878,-1.634490106081825,1.3125353644777307,-0.8838538227622352,1.2926428370832432,0.16573058790235962,-0.3419177311999315,-0.7529383306609974
0.27837443776644977,2.0436538882465616,0.6810379823252378,0.8031861735828513,1.6043814110355563,-0.9715241538441868,-1.1488847028685307,-0.20944086919650137,0.6561710881658901,-1.2752268545427412,-0.9092409491810751,0.49257522499705947,1.624312323679401,-1.0823045155282822,-1.4020120090417514
-1.05012084990222,-0.7281257108592132,0.3020969686339518,0.5800459816534509,-0.541070901323231,0.32256274097044996,-0.8376391961296193,0.39843373096623125,-3.2534291610482087,-0.7020964754391561,0.12205943863950508,0.37035806471061267,0.8048201915754721,-0.8681999052598438,-1.164234891839738
-0.8926537129251236,-2.4895922112268543,1.0820289794950668,-1.8132618477105023,-0.5432746850116491,-0.10263266691571898,-0.6522006285598473,-0.1097268828122212,0.2002017477170347,-0.9893450516471183,-1.129561318487515,-0.8319776083286929,2.3397412074168193,0.6567806462769528,-0.9184617195946712
0.7765844745582768,0.24379157276125002,-1.5293080183732943,1.5285143351050996,-0.048033317952138777,0.4198526813828867,-1.0145261499976415,-0.13290851803306264,1.5559334336150679,0.42987913765975994,1.0596616485505561,0.25237954311837707,0.6265458729838234,0.5402371002544687,-1.186022330477306
-0.19192409593733045,-0.7540091563843155,0.5406083759972506,-2.484481159580408,0.1791284994056167,-1.1631598275077566,1.679318608698416,0.4103097000188353,1.908840493961599,-1.0450641823832154,-0.42076640127982035,2.3094206059647386,-0.11613155232148173,-0.25091747357442157,1.12494802753229
-0.04820685139457758,0.29995643203901956,0.49680484130754565,1.18274722252136,-2.0550739698712834,1.324163533852401,-1.008244320513759,-0.8106067703666797,-2.2628361063917817,-0.91406981646192,-0.2638810925762795,-0.5680994307138352,-2.56572900872443,0.8222628453894887,0.9591814215940125
-1.539247465373222,-1.024584313805892,-0.5743049289505403,-0.20610669613788157,-0.31899374317618895,-0.7462498004215178,-1.7706507930656659,-2.7402880182261873,-1.1515575526850943,-1.06925562299472,0.11014777571237355,0.5642786472051723,0.7507355463349995,0.02483129201116556,-1.3009283254861226
1.7657586925975892,0.832949802717702,-1.5285022765490572,0.739828911119251,1.2126119120597232,0.24162582667628085,0.6785710205580366,0.07159147285371559,0.33765537892827,1.5934667999529313,1.7805385340882625,0.4678504824468001,-0.45969523570588267,0.07450173712237014,0.16795967298405878
-0.42651178614385155,0.7491934414882158,0.1109681746056753,-1.0777612772405145,1.0344349510002933,0.8258579527404915,-1.247663421642748,1.1239205637843752,0.7053454627466439,-2.575410749360063,-0.16101306975459062,-0.9306380679148504,-0.07255041820725339,-0.4907428217507812,0.008911701555021967
-0.011288137376350172,-1.0823235845333363,-1.193381896382382,1.3389710207548373,-0.26640000358139443,0.16138424106749075,-0.07296053112397972,-0.6559485975813323,-0.5480256103587241,2.496049356761042,-0.7982342651780849,-0.024688465712603285,-1.5031584464430863,-0.582971105888919,-1.5488525271635656
1.469118139412067,1.1612245513547323,-0.015244364254595355,2.3061232737332835,0.5970969006074229,0.32272741813380024,1.6179671640517177,-0.22598933320376746,-1.1380134762736631,0.398850248014605,1.5537319597575114,0.21394779371014241,0.6975258383669445,-0.36675178119952395,0.8763091188273895
0.4211268713124647,0.8746134887706445,-0.6523440141761782,-0.27603834298483365,0.6286201928623545,2.0021668735478575,0.6231214940525015,-0.22766523586381157,-2.1490186444973,-1.0012959022157963,-0.054699828844328,0.4699661296889582,0.3089767578011093,0.5691297683983306,-1.2119597218225169
0.012302700885322062,0.17214813526218706,-0.3702054556575217,-1.063851194422679,1.3729590933348752,1.260086729964432,-0.9777887606933332,1.7426735762544912,-0.5203451498144819,-1.2757115960588048,-1.250575426152238,0.3493635679860954,0.19705866621023038,-0.7579354408136739,-1.18529538281852
-0.10409548175109351,0.7398502976733781,-0.9675280405739777,-0.3603271697073354,-2.175572142579938,-0.09611561185039422,1.6972074250236644,0.02308517768992524,-0.2024292191889227,1.106438437881729,-1.2039382965861256,1.1113059886846715,-0.13538834706158298,0.5382457722979278,-0.38036971258161834
0.8229326725703615,-0.7059598607902586,-1.3388771632551517,0.3596669339775255,1.400309110070475,-1.3751350901809236,-0.11768863741429525,0.05809590519819152,-1.2495966512779653,-0.3032730397095981,1.3570826134281226,0.12658075774391572,-0.850558794901897,-1.0414489265616933,1.9395347519849466
0.22696410565965194,0.6625134098009281,1.6484991228650827,-1.2308087054611059,-1.4996256146760965,0.2601410260379692,0.7348788248493532,1.1105189698739453,1.8822187343319716,-0.2467145924357353,0.12466069110226678,0.6195816401810059,-0.3538385064439814,0.7249978341805465,2.4110917461787764
1.1387977837745518,1.3326878294743385,1.2863216248893279,1.9583042986061292,-1.0687762694134293,0.20635789488322184,0.9066293962383002,0.03326650868287617,-0.8844443728226348,-1.5000895598375086,2.172895390762434,-0.6583661279991784,-1.972047589303454,-2.0766014779953443,0.5075958601426607
-0.11484275980569786,-2.2820948561330234,-0.6528574466463916,0.9633876980572793,1.3944646532617353,-0.9733002703900766,1.1224426071605378,1.332660534683387,0.1958803556039966,1.3699447103470157,-0.9893183896326696,-0.34368070435396947,-0.24031621351036012,-0.18263515513425316,-0.8281611729972408
-0.5660486015623076,-0.8041599119612257,-0.21483825889271804,-1.3418246056198537,-0.0695384844349344,0.7810186760065995,-1.0648002059754433,-1.0922153549148725,0.7999369512118168,-1.0719231289893685,-1.7955007168921533,0.5546981797785847,2.192924554937486,0.2292837722983369,0.9956992323803924
0.6351823269280772,0.7955706005272395,-0.0527616756606466,0.7183810475136343,2.469413111511547,-0.30147376391725567,0.8792854684095213,-0.3865637813395297,1.688593597413284,-0.1624843352029115,-1.1259981001126123,-1.1553059233054956,0.40483969044251333,0.8744209512819963,1.7782482471026078
0.2681967366961502,-1.1334639785556284,-0.5237369823720734,-0.25832884261835154,-0.9149534022189799,0.7633265064981332,1.3043689160394583,-0.16883162995193501,1.8218631603535311,-1.1245925752535704,-0.06343584908977726,-0.009400570377231632,-0.1857496353282609,-1.97257208497016,0.34141149233712503
1.849383487169857,0.9908223707789205,0.7356649605131829,1.8172670788573795,0.6071441701250598,0.037956208672144554,0.7930084943056639,1.061032369678724,0.755113188179585,0.3298815130921137,1.5649185390709714,-0.8809229480134807,0.2959697595783921,-1.4260142257813648,-0.593809231105111
-0.07500362582591563,-0.24701163310463664,-0.8344739616595999,0.46919911403394954,1.274043666691012,0.18995594612081776,-0.23713488866305585,0.24361376483129085,0.4650001740494121,1.159839143872881,-0.2932868990937369,-1.4945953313546387,0.5102273507745786,-0.8216134927734928,-0.32006116826830755
-1.6982482071233842,-1.1367237098826226,-0.677368625910869,-0.2466191465339257,0.7828642490987688,0.4854287227515851,-1.184963915038217,-0.7644095876379454,-1.3843313735328024,-2.4885547202478717,-0.7713649157793592,0.8051288127884358,0.7856040239290039,0.7397323867066411,-1.4387662229308538
1.9728878914963672,1.442771399717628,0.8115214024339414,0.8086930778251578,1.7473597217827428,0.4324607696108005,1.492464633960345,1.6751736673303985,2.0500312564419074,2.4795395784260412,2.1088820657285363,1.8624259686467224,-1.4795810926381814,-0.9431928860258338,1.5126128427111711
0.4112885498283674,1.3700829133471144,-0.08073012072856267,1.1031520387117688,0.2617250819453225,0.6293563093751913,-0.2362422654594572,-0.3145537142200271,0.6621938461040017,0.30306746935587947,0.4602289002801162,-0.5331952222836416,0.929587885085381,-1.7312415698657504,0.2513352263983103
-1.3997550358441564,-1.6591358496809194,0.4809080488238679,0.053864806426313194,-1.2980411416000255,0.011275380905183652,0.48681798623947414,-1.2779663649479904,-0.7759945419920071,-0.0008714485127465643,-0.670441378883369,-1.1896420324183818,0.08379075234076684,0.7963955836680232,-1.9599804262159854
1.5394842085989475,-0.15433120763819574,1.4361892659665896,3.0635260456444176,0.1453953524660047,0.31905563616539034,0.7061430897084159,-0.2670952164907986,1.5598753088441781,-0.1365063798281575,1.528966509257099,0.49776150790729295,-0.2981726120445679,-0.14906521185910024,1.0802931266860223
-0.29986212665758466,1.7996647111680395,-0.8866764560527051,1.1572237148483075,-0.3784878457944537,0.9188145576482287,-0.5292354404939534,-1.397699071983445,0.05332152359001832,-0.18954290109933555,-0.3884950465880239,-0.20608978364418215,-0.10843086705742526,-1.2007619189804501,0.7653856210796754
1.6494631486105111,1.053301477013701,-0.3047093115706851,1.5037830142778552,0.8929415099708529,0.5764084585927436,2.1243343306341353,1.5598730923482538,0.7890229920295537,1.4080316489594167,0.24369510857379129,0.8838286096064324,0.4116023251609101,-0.3993322427119231,1.2939142073939385
0.1559393150521557,-0.17030784620029688,0.0781901344863972,1.0777759756883305,-0.900883225469721,0.9860323474533761,-1.4108852550212172,0.537227375960667,-1.6770192892636315,0.5296117685679813,-0.23315533771061242,0.3568192929890489,0.21867634816283163,-1.1291949632464002,-0.984869905262717
-1.0862393983281764,-2.3597508840150248,0.4968324752682373,-0.3643378425859578,-0.5314730834673121,1.3843091333050934,-1.3770599392304206,0.29568097872784427,-0.3547901939250505,-0.673475564397483,0.5775098432112981,-0.21033188074533052,-0.3422395967990967,-0.3287285606567666,-0.8571441673948716
1.3676275490242813,1.1265583569479418,1.5253643899067846,0.22128787899503433,1.8811687399436412,-0.4030382914108844,1.454661090926963,1.022077432238427,0.8150215357178587,0.08578526619263627,2.1485804197736376,1.4747019174429372,-0.0055921692118635355,-0.300620999417801,1.2539314096556042
0.9222410624871046,1.9575143431518989,1.0086054479808118,0.6169478357388705,0.3465752387847981,-1.5856790802168148,0.6354808655014488,0.7615408375835828,1.7138129904404027,-0.05055761586941976,-0.8474152105190551,0.5127441718007351,-0.9495817918631183,-0.4953111666407876,1.7679979795771126
0.6823941797202586,-1.0485660993302601,-0.3686417511284805,0.21913925920819166,1.4328673798376936,-1.4352205358954349,1.7273155609695825,0.9905233187830997,1.8492642970139337,2.375235734564486,2.807245141632512,-0.5055763783110936,-1.8226660825828225,0.49269745633789935,-0.8167339663269237
0.0679302659344661,-0.9360816570521676,1.2512679559095783,-0.3687379638313278,0.1663704501333479,-0.3270368408625099,0.701098283331606,-0.5772827101814718,-0.4280141892098259,0.6724018276234194,0.22160875226476262,0.8588414952235187,0.7700061629141486,-0.47835657762931866,-0.2997054793734701
-0.912320064336981,0.1525503588522299,0.2472837492817284,0.8143967158979288,-2.9671067306227163,-1.8909921597423711,0.5001448571036584,-1.0388817383750601,-0.013587216081440256,-1.1005797477907389,-0.8413410535443039,-1.2576438896567452,-0.38377389185901145,-2.114027130711076,0.2694998884384622
0.18348556732161095,1.0419434114355433,-0.593842756768791,0.796275788383531,0.1314444025971787,1.2820044194345233,2.0810252042589963,-0.7594253145636508,-0.1109058364303955,-0.5591293021690136,-0.5818110397378321,-0.8994146301601782,0.9563182243037525,-0.010397995990313205,-1.485720416206854
1.371587582232819,1.8653139830208796,0.1399634560130642,1.0521801767930445,0.6510559322428002,1.1112433489771663,0.4656911799346318,0.2919459178493272,-0.8449564426572392,0.6892502956823074,2.133864103130908,0.934589847152776,-0.3582149826298172,-0.9869010940442756,0.3627993347765016
0.17938457572374927,2.315039964581123,0.2518088331501082,1.709378515100262,-0.9117623810733665,1.4512284322265336,0.9344967219888837,2.43910188615998,1.0109476804294955,-0.889022580696075,-1.3351201256767533,0.031989301986352,0.8240486282480805,-0.7077260175044799,-1.8602859436266863
0.27902648349278025,0.5763342562255507,-0.0912435132427812,0.5396690142767623,0.12520327284627716,-1.4405317571826235,0.28504804645490445,0.6886619374534532,-1.502718977019775,-0.7440249575235265,0.6749503825363397,-1.0929118756104492,0.13367814639100367,0.4914410638673785,0.03371828752382772
-1.9309781085409092,-0.6237541015343526,0.19120716888617995,-0.1420026369948837,-0.7945557647379916,-0.08332973473065175,-0.37084179861809885,-0.7488953880661811,-0.15604905456471985,-1.8065444480085926,-1.2288309732182474,-0.5815602226621203,1.0186513264054713,-2.36604327298757,-2.9666850805214224
1.6547709508148185,1.5294186885084755,-0.7853808351519272,0.014649337467742107,1.887169334102039,0.26863991586762787,0.22624680374221717,0.5876661031279731,-0.08792616402244735,0.48884419206585844,0.5456189064831847,0.15526436538750896,-0.2706380171124723,0.36673698630981594,0.50346364976093
0.28102729000882465,-1.3789563571841814,1.0681675947283937,0.9486385014086494,-0.9961685650033665,-0.29434582245786445,0.046347486343727484,-0.8116805252767001,-0.5758187873700665,-0.25754183391124863,-0.19934876950459374,-2.192842578804697,1.087292272545164,-0.15456432924526647,-1.840155919853488
-1.246176455285062,-1.2529903498403419,-1.3654567610560877,-1.500118411762291,-0.323436647281583,0.22811767970918778,-0.6346323504880125,0.19809641391036847,-1.2523360984739162,0.4742894268724194,-2.098155659510662,0.31048101229878394,-0.6207511118554301,0.7279708056337748,0.1607589418626182
-1.5070864969996112,-2.4025841703986224,0.2926367032042805,-1.5022368298860127,-0.9354726218571979,-0.9943480917141017,-2.1680276103495837,-0.3125837557536431,-0.8602178967737848,-1.1303478772001962,-1.152253768923889,-0.006194071141167865,-1.501146460803348,0.43333212250895825,-1.7717341124130064
0.8258714406300424,-0.4686896224809257,1.508731897242905,0.6872636987018877,0.8809515528463384,1.1819532737147103,1.9687881078389524,0.039538893869165426,-0.24501888772336322,-0.5686877429509454,0.4806316706179313,1.0683211742943861,-0.09902255702924273,2.3591153727562446,2.2611407705789572
0.18924506169166755,0.4201352845313613,0.5482572422394096,1.391734954997949,-1.1436107706906786,0.915719893992041,1.0231068776732943,0.7839446548031312,0.68587318995267,1.698607284839574,1.1658620111689812,1.6990797400714324,-0.7826834966009563,-0.9541124569690568,0.8952283056638721
-0.11094551642929464,1.2685124927309155,-1.8513797664085379,1.8067042983736619,-0.8926823504955459,1.8574555470553145,2.976828242745023,-1.413028491068544,-0.21468867219004695,1.0101339646546559,1.482546718085048,-1.939511513382713,-1.2147357436580954,-0.8593124055108986,0.8924197815623962
1.5469842814145356,1.258117888834045,-0.9910209899924063,1.5975140697260017,-1.234557977772702,-0.9056431140880227,2.0072388541021944,1.252793784630292,-0.1033239817178564,0.10984364468965657,-0.10690522844424877,-0.38207941463251616,-0.2608893478729948,1.6734268305683782,0.9541855342309161
0.14615187143480515,0.44473335611919507,1.1493581591705113,1.1663328690925547,-0.5889962867090561,-0.4890798776427354,0.91290871361198,-0.8388382639276537,-0.628062419566183,-0.14933464554091042,1.8042904404767293,-0.15941621372105433,-1.8748866280704617,0.9755369822254245,0.3203199638288453
1.0409420180023643,0.506062749504457,-0.6744376530599905,-0.9925472820279528,-0.6155394749027685,1.6584215389641899,0.2930532057899277,1.2373438707278663,0.25031330300227783,0.15229903755169738,1.743207373582102,-2.550865452647191,0.4996820580249851,-0.35746560144428263,-1.3750675398621515
-0.706934947323427,-1.8671895863014254,-2.048031541423872,-1.82659757400836,0.3877313903818189,-0.8192413064184771,-1.0031584571825158,-0.5954185262755862,0.6184959884303752,-0.024881964064403073,-0.42404326402277304,-0.5287996771622209,-0.45988977954796284,0.9732391267474585,-0.2339927966547173
1.1052107295590363,0.12443203733860553,1.3134186398151126,1.2647151914968902,0.6533148430478237,0.10355703530751631,-1.4036246126569218,1.437205263546634,-0.9277429468419891,0.12021749194521125,0.624302444140284,-1.2686084478232411,0.5438314615921959,-1.9496070006362896,0.1666185137028212
0.5532696101688269,0.6351861957552878,-0.12550955622899324,-1.0063882871466259,0.5591366073327657,2.2706244992546374,2.0996356358159676,-0.5879456923380821,1.1659263373832995,1.7703059837583248,1.1073850273961203,-1.8629632552019582,0.7248284203825365,-0.8141529601961379,1.4590569107517197
-0.5141225805224346,-0.3035046232482228,-1.0753695873555422,0.8739918469867798,-1.0002539444073755,-0.21659287187318887,0.2406772970364669,0.21553833568335504,1.9367140120412987,0.48198569280586584,-0.6221730919626336,-2.3247129366224963,0.0208076025651845,-0.38742314179544596,-2.632731979534541
-0.8646167739730903,0.1854021004889077,-2.3424409712326573,-0.09483213406027857,-0.21015407845253867,-1.065638431598416,-0.4306091044192526,0.21088808788015517,-0.6032422688490324,-0.4683164593962521,-0.8481878474348943,-0.18192789115908445,1.1781421620357704,-0.07926454554755295,-0.6530025815810706
0.15897698819790285,0.11698654979204129,0.08894881697275381,0.92425264902408,-0.5600560853569485,-0.7915123593088078,-1.0122280402547401,-0.5130742064931381,-0.748279354641574,-1.435803018926401,-1.7817181947850946,-0.5748636605657707,-1.8132569255434703,0.17850406059281404,0.5374418050348984
1.5615288291376401,1.0701594084491413,-0.20770713150959508,-0.013285126402138303,-0.44218459964030576,1.1389664453754258,1.8850488007105994,-1.0169042906250165,-1.1463779459572405,0.08297600151087359,0.958731076891901,-0.5860922905136118,0.3807707192049905,0.9454503451281447,1.5747575528365845
-0.8139424619101977,0.19002075728923162,-0.22221876625855122,-0.8043658865561188,-1.2184445839593652,-0.012862724106412704,0.4095536506640234,-1.3795134240392162,-1.706520039089269,-1.3957146126564042,1.0345104777876144,-0.20762217759316093,-0.6681745113927341,1.0308033903584217,-0.0004392445254720184
-0.11665686544018562,-1.238147330497343,0.07988072015935674,-1.1646008561357177,0.15961386509729866,1.8480123194662499,-0.10189434359648811,0.2942256062019578,0.20050350544087492,0.11207349671592212,-2.161690719849527,-0.9800033909447438,-1.197474922364637,0.009335061092292115,0.7226572811569943
0.41038770297476157,0.4692183664271091,0.7501373074789658,-1.1295041437067015,-1.5055305330185844,-0.4546009144345266,1.2613083016588473,0.055918451272919445,-0.7086492179204575,-0.1263607381456735,-0.4195070941440765,2.206342142706798,1.9615688515650564,0.29964785716670556,-0.08048440068101292
0.5764909667754234,1.2773983876436195,-0.9446764385731139,-0.6811765320008452,-0.11465294398822765,-0.1555616452742349,0.452651004076548,-0.14287584615183663,2.3564748699838027,0.667643510054536,-0.6283550383506213,-0.8999055925649811,-1.7267062272407754,0.7922881520203219,2.77362774964183
-1.0875263619246103,-1.6940839025939114,0.5028675883441822,-1.6785576109946454,1.1095990093896466,-0.011321125915747132,0.2913314673533385,-0.06925198390425591,1.058566749715284,-0.0797413485780164,0.45786362871985375,-0.5082188818663281,-0.27655869945648903,-2.3831375549889673,-1.6551928285650692
-1.1994421483895457,-1.3601502339729925,-0.44845573428516927,-3.5236571870715014,-0.5690858965332616,-0.5330945294982977,-2.387056050765607,-1.2393757745753864,0.5921673141216146,-1.504350108784684,-1.6474638131199935,1.1768567867838269,0.6629504684590669,-0.08445803366951973,-1.3052352400958531
-0.2677000583872235,-1.7282560913761804,-0.13342895551504583,-0.12496485636167227,1.713932306644057,-2.5197839933100084,0.11435021996744049,0.12298326418943492,-0.3275361676073555,-2.6236300199992693,-0.3428508609992862,0.0695466212055265,-2.9360992023883647,-1.129407865593439,2.0961931377975764
0.3789243165211385,1.223914288616898,0.48566705886703054,-0.5305708549649437,0.639837275441411,-0.40737149354368735,0.05001310328503969,0.9661059678354138,-1.1141610335766645,0.8178489371938076,-1.9443329935234954,-0.3612951522613016,0.03573725740601586,0.20733387517942337,-0.9616561672292667
0.6611314288396101,0.6742871547716357,-0.9515026955545021,0.6833792974319908,0.6661899985055626,1.6140745489143384,0.8456485491283903,0.24062740177085806,-0.8160537786481359,-0.5018545965989325,0.3457522137471349,0.972316503636921,1.5233299177290793,-1.4872862546120227,-0.9263443235984837
0.06232675108526254,-0.6841069102124522,0.23621278515186003,0.3344134161135241,0.37528445598776294,1.1207756463833898,-0.4885576265282651,1.4022181629767752,0.5127704721577816,-0.2785429883420251,-0.4247391025216176,0.23879462548342317,-0.29841736464948515,-0.17597977917139934,0.5815443636446742
0.15278818563748406,1.3496292765785858,0.8606551282242036,1.8512983645143402,-0.14282332703979017,1.0673175456157369,-0.25498257630942617,-0.40325900409553367,0.5460084365197756,-0.327263466584459,-0.7803987517564431,0.1748266453423059,0.22882205960653018,-0.01890738030529251,-0.4810892549251079
0.4145720066931988,0.16666570325040372,1.2075029201816796,0.3713897858765087,-1.366191359642074,1.3379245242236473,0.1884879708655462,1.6889585396432094,-0.12272487136738211,0.9441006228129225,1.2547564821093982,-1.0749780665714388,-1.9242251490094329,2.072158495839157,0.7775647397893347
-0.49322311357212717,0.2057939603177935,0.4676578518131851,-1.4060996809762645,-1.2763616941736178,-1.2756594853158985,-0.5520844598288493,0.1666444274771252,-0.03452865427371579,-1.0897656000050744,-0.15398937196171197,0.18540049792759508,0.6212679913097615,0.23091901585758695,0.13589940010943935
0.058362700979755,-0.9982934117380609,0.7122884554295907,0.22056396274077267,-0.8900517612810829,-0.5676388150930262,1.2822782358459122,-1.0708919853621064,-0.6999905304687581,-0.34994333329283217,-0.10415146001722432,-1.0695050682618927,1.3334962564452162,2.1509096396888387,0.563081771004043
-0.9878265454966917,-1.0372510716647545,-2.1296418801300145,-1.5194132933273907,-1.7767876837583887,-1.0091392585268604,0.28059873849390116,-1.141568639910526,-0.39382623224372754,-1.3827478125230672,0.48139798844686266,-0.29426816430959746,0.5231319127871488,1.134231326311021,0.35308980242039906
-0.21561619177698066,-1.6252690618518248,0.5914879087176325,1.2139505386822078,1.3354712931277264,-0.3115644632491936,-0.7218261669765305,-1.621685394079421,-1.5295436306030221,-0.14937692202711084,-1.471700421567236,-0.2509298698145355,0.03631506602106607,0.7380866449698559,2.150026258855049
-1.035388817601191,0.6856748157210597,0.8892121781978218,0.26232230170100346,-0.6766757404553966,0.1319912571016551,-0.26899096312147797,-0.27289821058745506,-0.740790508185861,0.37698916360455864,-0.1490200010653534,-1.0715639049726815,-0.026515359352862936,-0.08106287219073338,-0.5022163532038614
0.7739794350631688,-0.37422831161964354,2.107564533608604,-0.6784997658417351,1.4112839270525912,0.6287250268819675,-0.16716221288646554,0.77806795890178,0.3188651710189969,-0.3741966980133037,-0.39118885900177713,-1.6239434641630675,-0.6981973599319156,0.5611421707647362,-0.8446313913789801
0.4617374060010857,1.4813355313095997,1.627906763134255,0.7118642566278219,0.26415079172601086,0.9626035945536003,0.17949271465500186,-0.24324948814029332,0.2452311974667508,0.2153946191098985,-0.515220115686928,-1.1082621369959365,-2.1822446944925087,0.5492118787747157,1.0212134635457053
-0.037205161219093175,1.2326704130563315,-0.04413780721410665,0.47286251071974855,1.6209837401789335,-0.21397836437502193,-0.12919229284915126,-0.09620575176933709,-0.9329681295107277,0.3327895352075697,-1.6564911457629015,-0.7576138107033784,0.7737584818898035,0.33409573359777545,-0.2458133094509185
-0.27628497115504064,0.023504824156511006,1.2840451663062722,-0.04981387816575786,-0.5401024756488132,-0.10778009773893293,-0.27801725370587416,-0.5869032509088136,0.8385549750017067,-0.5141879302537835,0.5955476019125884,1.1021727696620016,-0.966081499139435,1.2534453593366497,-0.025500761867672028
0.16583932474175114,-1.201094217703085,-0.5586817703180603,0.6016856792132732,0.7455542829018678,0.31158213093826537,1.1076430170599467,0.2118421911411129,-0.007345586197017834,-1.1298858269382714,0.478522857811322,-0.11893342931468538,-1.315903426682933,1.8828089575049942,-1.5235323845157684
-0.5988513774661994,-1.0663947224536043,0.9662715182969981,0.6281056677005017,0.2873060198954276,-2.1684484823403336,1.1879823707827526,0.23539324097829606,-1.0775375765871318,1.1207717083882314,-0.7484081781415701,0.6715066098660147,0.7023926155157884,-0.15793845598291753,1.166770087487087
0.6113326963583561,1.7557192378318742,1.6129911620479038,-0.25287487637383466,-0.8128605502514248,-0.2916063952725301,0.22163354147501305,-0.24459565505014957,-0.5475754713433832,-2.2965720774381437,1.6494705295515477,0.9369138782197869,0.7544686720969047,-0.9612508663606789,-0.29583060317237087
0.22414054828866323,0.9525581037322102,-0.0015557110769023608,0.5043964110419318,-0.7127200775113841,-0.2522993354856461,0.5985570283619254,0.7492925646420777,-0.19786655689171107,0.07953047483559383,-0.8040642521560885,-1.2114370981458435,1.1281750617881856,-0.5091129818345838,-0.35516419045533604
0.5433466469197369,1.2491831772690383,0.9125712860785749,0.8185945673018948,1.4365497080138974,-0.7213758290932044,0.7844106155308826,1.0929984735080245,-0.9506650462985309,2.7902675809475985,1.00150582492628,0.92551412008375,1.893344503310389,0.4684646851743153,0.21703003179686275
-0.7020917984510525,-2.1339653488192774,0.19703229711617007,-1.2558137349347889,-1.7722447031722328,-0.6759404351589122,-2.190038722692245,0.23898285048127244,-0.7677119253175451,-0.8732331954999886,-1.4258082673870076,0.07835836454502704,0.032996302257491054,0.4745528105597739,-1.1019657972340646
-0.4301548944228336,-0.8001617796042362,-0.5605696642859039,-0.5864641405949518,-0.8873142666854126,0.34427791464957574,-2.2188452499782905,-0.6383053299538538,-0.660859964701763,1.43378843671079,-0.043090699018204504,-0.05551118381902752,1.3650977963556281,0.9219830339326192,-1.4816451066215452
0.025570539344614507,-0.4175872911765676,-0.09985819167469445,0.4492644723438669,-0.18452677183986382,-0.5173139840890212,-0.6937101187711848,0.24137518578124625,1.5895454869988745,-0.5649526020062011,0.8724916649762288,1.1328482907111028,0.9659264863365385,-0.4319822962166699,-0.724443252657664
-0.1673350756537471,-0.6374744580159126,-1.7900542873452459,1.1532546776459487,2.434419351401389,-1.0409918553574808,-0.38160651645259613,0.4931975793732487,0.7763587102163496,0.30746228120740693,0.18296345748391474,-0.9893363548772136,-1.2540762543229358,-1.5459414880236932,-0.1929172305139151
-0.9925994025573706,0.9016840240954187,-0.013742290030012594,-0.33590586437927367,-1.1011292972303375,1.3679511710279613,-2.0406536442006953,0.9047299271813236,-1.1268290806220131,-0.7778003432601479,-0.7427192960366464,-0.795687552306978,0.8361739524455128,1.7066443241178355,-2.260947338470041
-0.07178016853921498,-0.31850272660967516,0.05158636037187583,0.2711194751355282,-0.6376440695674828,-0.06352990039755466,1.0565919155164698,0.02477238481420748,-1.0567679081718477,0.14539674469973274,1.4024346093389095,-0.47247567274596863,-0.6424777581064152,0.5121649527810558,0.4995174296366525
-0.21703854446602108,-0.4587218537283402,-0.34219175452687733,-0.1919870503750395,-0.13895714029639794,1.5019770577819003,0.7067293316711215,-1.3218405143296366,-2.296658349025381,-0.5303845207085738,-1.6221950607154143,0.1350254104766503,2.5495351893528446,1.7421854616613177,-0.11707123990203647
0.7662163275347801,2.507145695796407,-0.20998713826961238,-0.23603581910487426,-0.3144406691345889,0.06089112929438653,-0.05771253130027004,0.9196269675198705,-0.3092075832252601,0.8236264547572509,2.0716770835293215,-0.5982222511825942,0.9598555472887521,0.9213825679700905,-0.7523265194419249
-0.9523167306675672,-0.6886443599173817,-0.5492407539050085,-0.7935764403716876,0.1035337306405274,0.18582303677106693,-1.4037551302738078,2.528035317629471,1.545965675138585,-2.6546998299731706,-0.7288289847635867,-0.7850043382843063,-1.8312873689016467,1.128514843518533,0.4055929389922085
-1.1334124147927376,-1.756611813686154,-1.0770192800843166,-0.9115776041074588,-0.23757601491644237,0.4128407525085752,1.0202815751492,0.9775485814085886,0.18827498484427935,-1.7969267334546943,-1.0804761081996688,0.3445192995234018,0.6492890421229627,-0.10386735080777675,2.6284738204012155
-0.17706967738168639,0.45688449130925934,1.2813276216151581,-0.3406372434471434,-0.997076895397926,0.41937178259880614,0.3540853882556532,-1.0351324997494737,0.15523373111883015,0.28910862280975164,1.7904638006309828,-1.6310046048482814,0.3319260079834069,-0.3102251368172348,0.025600558194356027
0.28883157314908114,0.7062805944040468,1.4980930907790315,1.3243368125721695,1.3744265300954284,-2.1225918043333887,0.00511088213324018,-0.04798712997771212,-0.6764401553837849,-1.7963987569396624,2.5577508416366728,-1.977860119802904,-0.004260404678303667,0.7913430077736398,-1.437003006976071
0.8216543086011098,-0.7519372612148976,1.2832247225451525,1.1437488691289939,-1.0322363100626204,-0.9276635733346674,-0.17673804816418504,0.917573939694375,-0.3151338415431573,2.456623132100545,1.2997838667037591,-1.8522876805391117,-0.8064909464006262,-0.3823742843296425,0.17924503091626898
-0.22630234804155355,1.928547603592615,-0.68818801521749,0.8815183709939649,-0.27682413125567396,-0.1019392775181229,-1.0880603494571814,-1.166167378147461,0.5967488565145398,-1.0427255294954032,-0.19514788436431219,-0.6617136614223105,0.04508195307767067,-0.39422169089418224,0.049744332366394306
-0.40037850399411856,0.13030869510880794,-0.637293516781374,-1.002982441343473,-0.008716403429104985,1.7747224455707564,-0.8202342378712789,-2.683102921749437,-0.43732243459832065,1.7512409537616205,0.3154616843978397,0.3813128385477492,-0.8889824613012093,0.11007206122479893,-0.1435501134740123
0.3916188931454202,0.6338766492241739,0.302907888751892,-0.00666111948143866,0.22303737636044157,-0.6792824239668078,1.5494975322165896,0.28315410266836166,-0.1363955535136972,0.6605462252159495,-0.6154671644186944,-1.5757933367908035,0.1785024396878157,1.8190264119260142,-0.45393102505494476
0.44467766507416795,0.6329896425841899,0.7087605600159294,0.723740060501954,-0.17952875274419902,-0.4969672935534788,0.906457067977527,0.5848491222759138,-0.669188531404328,-0.5045609969587457,0.49872984517360297,0.7788084169128985,-1.8047070832316656,-1.0367097626186221,1.6992200991021424
1.1781031970511913,-0.07132872827880365,-1.0672836882388865,1.409252227604462,-0.15472569712134188,-0.14732433905743603,2.206111694596031,1.7311170455447575,2.4263403470134213,1.3719450664053405,2.434547060781181,-1.2821121456000433,1.355668767701444,-0.2457845913466712,-0.30444730549263255
0.11381914074425153,0.6704011682102896,-0.06827898191180448,1.8706367979830887,-0.45117028179794616,-0.0028906034965239663,-2.2197525875122674,-0.6577388831526211,-0.9422729924801178,0.5731107419453991,0.3190335097969241,0.4731973743896714,-0.6755821533886828,-2.3450510042759483,0.5457042930920132
1.1866525898716247,1.7074518883478484,2.4185072621329287,2.0029957561975715,-0.9067249658122157,2.215332175988923,1.066808929177403,0.2932616431069144,2.7415631759397026,0.11056238289285197,0.23493306033485872,0.6714560845448617,-0.9604691828625601,-0.0832965659904532,0.5780002001180801
-1.6761972505233407,-2.1805604173374427,2.274840628932567,-0.5829887416632633,0.770813112912945,-0.4233357017891765,-0.48362088529616365,-1.355903640501058,-1.6343892641728115,-0.47142811733502976,-1.5940980953735115,1.0482824616565731,-0.32471884569089066,0.3124129025245447,-0.4794772032075089
0.3738788531035743,-0.9833567589167214,0.49166750321068703,1.873548481189597,-2.950335098622198,-0.9382585655633415,-0.8411251235434436,-2.276499281106843,-0.7936628308329635,-0.7725534917882664,-1.1783719051494217,-0.4495848158324661,-0.6341919613157152,1.6013159835610138,2.9066377788849436
-1.0254385977909841,-1.8361373800464704,0.2247239545900201,-2.044420205429555,-0.553712612389526,-2.2734378820897816,-0.6529711679397436,-1.9512658932308178,-0.22634287340718923,-0.44345175419742655,-0.7280756142580445,-1.4745391620483306,0.2599627288765552,0.8133781115550315,0.1630402726503789
1.3001936365013018,-0.28850269009733065,-1.1779014442379399,-0.8468814298579858,0.03016986837536778,2.8339680070456286,-1.3999003171941005,-0.36048569381876194,1.5812167622391933,0.715201117251076,-1.027975971736998,0.48778049997668904,1.6874655756641894,1.2022566532230385,-0.3400473295686436
-0.2300101323226124,-0.6452385081901568,-0.12857323609114332,-1.3292833676304112,-0.1960772435146878,0.32946520248313726,-1.1172964291422263,0.998392080746756,0.7918406501660771,0.6103557509421057,1.551471966796789,-0.7197579459923984,0.5806140818665062,1.3116276151709634,-1.2822905305387402
0.21791443082034023,0.7033296763221083,1.0998778855775229,0.9704026047651525,-2.1883882907620706,0.5003463702124036,1.0329409827433982,0.1398945307959033,1.0212316911713613,0.3871628431842884,0.41360365601337584,0.3312166080366774,-1.2146413519028407,0.48515613961964665,1.4866814438872729
-1.9601805754725208,-0.036668881939474485,-0.9143662569251685,-0.5563936106164465,-1.1793887565624745,-1.0585449772838658,-1.9596827061518587,-1.158720537910917,-1.4021578237112649,0.09534590797960207,-2.1443739197982135,1.0389646111137116,0.7999564451559092,0.5774648976333985,0.5049673549942769
0.3925512885258683,0.48168331912353635,0.23394746800066404,1.2422878470299912,0.806984321430818,-0.018270813290536397,-0.7540963410585554,0.08224794939582787,0.24467225838409123,-0.6832486673696547,1.1437559159873412,0.433496365510847,-0.41700340524997065,0.17069328557173621,1.6855197120143457
-1.3141284372243645,0.2683007347947439,0.02854757343508174,-2.018467317233039,0.03555178067325415,0.47145406286622604,-2.587437976791246,-0.5568182250957271,-0.5192845911678678,-1.0882219882194777,-0.6940688352278996,1.4293055370508092,-0.4288979419003411,-0.5173225542827701,-2.211921910652611
-0.4609433765739962,0.05458235662685246,-0.6371094378197216,0.4676664543707934,-0.2740393165690917,-0.24461498165142248,0.024848426886377395,0.48626801008834275,0.8353491745905308,0.8450243605144274,-0.502890528518821,0.47976206475671057,-0.759541621113869,-1.0139394594950195,-0.009511003180975627
0.5383007924813279,-0.8034744198908125,1.0285717718232785,0.8727829665547571,-0.21103900212067006,0.03554844331038981,1.3625015994995882,-1.1023322056228073,-2.292408345377376,0.6651606039286386,-0.7895406695262374,0.30611898348545913,1.2349483295095953,2.3015645836009795,0.3122414697958544
-0.7508991421421362,0.2373478582914874,0.25403074727646424,0.365097222957657,2.3006291001508994,1.7250508680864658,-0.8567213175562214,-2.3382140806312988,-0.3961016656610327,-0.3706801196373959,-0.839446955415485,-1.913681091059109,-1.3908614326371616,1.79581492038362,0.014298093637058695
-0.0442822141506862,-1.8085036385914515,0.6431764195959798,-0.13535734088590445,1.3729401991223096,1.4387798779267948,0.3616343529382698,-0.6175004142326832,2.2035561847081153,0.3370726576817147,-0.7363184135436714,-0.44968447517429905,0.9432522190641982,0.3753553422800453,-0.8292839998888976
0.47486399093692916,0.3312058859317548,-1.3495830325639675,1.2135872862107617,2.0645836139816875,1.3973785801223642,0.0873271750291644,-1.9366294957752943,2.3436534723002787,0.3070640511093573,1.9225833881280228,-1.624248125790158,-0.1557306108663729,-2.2615139432851072,0.9856044487306048
0.6152096277066635,1.282789643713922,-0.6317657484460982,-0.3223493192698356,-0.2723058591856323,0.19048327890088287,0.6209847267686125,0.4869647091341487,0.14719699418476007,0.7559652126477616,2.1444979846806382,-0.6007199533549062,-0.16918293800186981,1.5902666646073071,0.4320478010831198
-0.028341672794693025,0.915339302219732,-1.496221222496578,-0.35556675544241,-0.7641507541644955,-0.8690310932298193,0.7937215370600348,0.7783113287543486,-0.7832207698683908,-0.23134611628432933,0.03282364086620122,-0.417017873289977,-1.7548799547071876,0.7330999352841276,1.5419970373458933
-2.360012640654162,-0.9305158307623432,-1.4793373472100553,0.6658870017038148,-2.8833358763912966,-1.5014919161175047,-2.6757876198780615,-1.6896347179691213,-0.4710293010156701,-0.48083639539295725,-2.1134702847309765,0.7208209715871684,-0.39711242903634486,0.609643291469322,-0.6199468819059917
1.5069914327497198,0.2848022640463975,0.4821005071827975,2.2509020817429706,1.0767294928125506,0.43442848387963107,0.9676243293376603,1.8514374781304592,-0.48222345799356936,-0.4476585442785196,2.499924070409632,0.6844199916888719,0.5434883927449439,-0.9328944464620103,-0.12431871626295188
-0.8213991680152788,-0.9562403654322361,-0.17928708764326828,-1.7532868701911921,-0.590195826499345,-0.8328670746923921,-1.2408826130098713,-0.18509242155095465,-0.8876966970893475,1.5366471504266632,0.4517658733304929,0.14178788758860367,-2.188018362580139,-0.4920422122719917,0.6158271472174666
1.4150527381608906,2.8628088768495434,0.5715346982157852,-0.6132726240639286,2.14117204910709,1.44947649517832,1.0010845938897472,-0.09052435002597892,-0.35802687515936527,1.8002514576201345,-0.15431966820326304,0.4973980350142486,-2.2099856924314896,0.4963030751555186,1.502749514640667
0.6852262409100417,-1.3149289824469421,-0.7176758361598519,0.5002873135159536,-0.861261905196512,0.11499946635721212,1.361795811347945,0.5637432313769392,0.24441816773656097,0.7914196131708304,-0.9867335669521944,-0.834689274637898,-0.7217313620498849,-0.14346653987696914,0.6988860565431405
0.4097537177564188,-0.47168603611355914,0.4672531251557394,1.2788849843925432,1.1277486124018394,-0.4000190504649886,-1.0859796490327112,-0.38933936935544394,-2.9083983991100815,-0.796036363280073,1.4339315675912003,-2.4118645507882674,1.5468486477697736,-0.3968563798632627,-1.4967821401163428
0.6973332263814663,-0.14411080092943024,0.7073642209777833,0.5456519515963341,0.17496408478384434,-1.8910517217906007,0.9178890065669105,-0.24703787445106806,1.6143161158477395,0.2083875887562808,0.3467983427455145,-0.7669958529307102,-3.2128389964329154,0.06745556723938109,1.2859212896465213
0.278181107611016,-0.6284030488580055,0.13140142704452537,0.044807041659105096,-0.19212796614318134,-0.14962079980672766,0.4621165679604698,0.3899073450031012,-1.9797209630718782,-0.5692380597048491,0.3360230241613752,-0.10253427544304022,-0.03985789810936237,1.0858303639606202,-0.1466319456174791
1.1088893403159192,0.5656082934391303,-0.08571272726912199,-1.4272061426801295,0.7568367031451323,0.8679274643327612,0.9155735640458796,1.419371514901127,0.48423383035955087,0.4510562379424071,-1.1300154600146988,-1.2092629528535404,-0.39991656238944695,2.21512066920627,-0.832427886545329
0.12388279987908972,-0.3878173973014652,0.25337223755037436,0.9998960742905566,-0.6356370038107944,1.455280737573593,-1.3953355268772762,0.4790513578137252,-0.2597761947466716,0.08679016076859986,1.156649178411432,0.08767856041512186,2.5695693092756704,-1.948447356025736,-0.046579609454764026
1.2033540195909367,0.6217452467738338,-0.35111553704736537,0.1975003214015526,0.34289451076573196,0.7923535436318818,1.2367536844123517,-0.13892372395641284,-0.24459108245969186,0.32118331925824684,1.2214725069784116,1.345886586698069,1.1364565699011215,0.47557123519860844,1.850556638063953
0.1837787181961475,-0.4484314081257348,-1.197755739311583,0.5447057957498713,0.2963786771228926,0.7860910134930392,0.12087736529439086,0.44154096370801493,-0.09169322171132877,-0.33615898640004815,1.1608339041529625,0.9054211839767901,-0.41041490004880943,1.6268543914748463,2.0542330366605657
-1.5987373418696194,-0.8117896049106044,0.31870349576876067,0.07578482039849677,-1.3156811901261478,-2.345232305110563,-1.2520214792191506,-1.981580158119928,-1.1254936630695092,-1.482432211459796,-2.5755739878612953,-0.3009544146882091,-0.9034590595807077,-0.7827274991731492,-1.408940486359605
1.3957674948846426,-0.4944732185708387,1.1020736565214615,1.2034524407356761,1.6403603615615976,1.5297606019056986,0.15091315012692585,0.6075241243827167,0.7718551093181076,1.6379357910481436,-0.9687688531844337,-0.510939385473485,-0.7609282627638445,0.6171025426081398,-0.10065446441470027
-0.7030310659391125,-1.0586672231026037,0.5078098261656656,0.38698718067007276,-0.25680471757397816,-0.7236511903793112,0.5977850856415948,-0.7652677634438767,-0.7325106325034074,-0.0795894811600294,0.17655114303975744,-1.0515246833086875,-0.6635203405092842,-1.0635235233387632,-1.103145015606134
-0.2426253994787982,0.18805490160910582,-0.2805701754130163,-0.015208547764073654,-0.6911624904672123,-1.5262722182264397,-1.3450182499150776,0.7735416296415301,-0.3791922325476798,-0.5839063219080542,-0.2579830181015491,1.1395001031828107,-0.29449382828811516,0.2119383882271007,1.0346529090466885
-1.452263514974768,-1.4825577209950311,-1.0321768780230003,-1.4758316825851643,-0.9990454252958021,-1.2799886837083605,-0.8116441159390154,-0.06537364827656755,0.09633714271313276,0.46812096064997666,-2.5619191189552346,0.3292625701956066,-0.11320571841970088,1.245466275474313,0.7367718033570255
1.0415356448002089,-1.1288291467334726,0.8597200865663269,0.9130307486965865,1.1455292691286973,0.45630091251320776,0.5675101665901592,0.9392283148556105,-0.7677970075110583,1.2933742582759853,0.8057943938980958,0.8133500003247511,-0.4374582871481521,-0.5659973016360433,1.5674009608888482
3.149488958852301,2.320852566418784,-1.6352980975845919,1.5823179712525377,-0.7549974888397679,1.7818885638055715,3.2447250439593764,1.6955888968973085,1.701789789726983,2.352862710396487,1.995390593174964,1.397916368870219,1.3521759394001533,-1.9078848765094056,4.504887253524057
-0.3418459936503806,2.8865223537750286,-0.3856693385307525,1.111985337949939,1.0312638145251494,0.024805780778355588,0.07903107928220476,-1.2074693870995445,-0.2783429213853218,-0.8941578540590573,-0.25485212595393963,1.481649888492708,0.7486133642039133,0.19093882307460533,1.9194109259207912
-0.6674099895581886,-0.7518612873774523,-0.6606604514153657,0.33951619110459774,1.2964071299418332,0.7246562553143288,1.3990809149853976,-1.2905372762096294,-0.31349778419672764,0.9772418797007691,-0.18067857680298233,0.33804957768582294,1.554752962078144,-0.8151053420916118,-1.6281751638696211
-1.8451832236136618,-2.4422419124414385,-0.7669506086286679,-2.944477016948999,-0.07122993283219481,-0.2924713845512416,-1.19053218332659,-0.21965012500177206,-0.22600922551868674,-1.786723122245172,-2.089559707577702,1.1723653995781464,1.7280952524287267,-1.524120345011221,-1.0919440735084123
0.3491407816432594,-0.5826853622097807,0.9360471148305037,-0.12348328400183775,0.27039512267686516,-0.8565371698118924,1.65177053445158,-1.132624237206815,0.35692104585210976,-0.34099567881296206,-0.05954325638307109,1.0481071177567345,0.5610241248555489,0.7814352064101048,-0.36314666854506605
-1.4611832815249663,-0.45943651258310925,-1.8767586017208848,-1.6203320614599148,-2.4567699977161483,-2.1120353066608417,-0.8493401261510656,-1.1568528160627642,-1.2606351854406923,-0.40793634495955133,0.16811817187053268,-1.817037938080782,1.2096623296172881,-0.9612879876780984,-2.516000032488443
-0.21415620417219958,-0.9413572851373215,0.5747193249443038,-0.8468533598951422,-0.5539961546160028,1.7387087619331933,-0.21960412113994707,-1.1285710334216021,-1.3899596000958478,0.6310505748871028,2.5067008978568235,0.2676488336801079,-0.8336286759388765,0.5174745647797963,-1.159749695982799
0.5716386027784808,0.3756718891595111,0.6147923371149011,-0.8478576857062825,0.12862422951192198,-0.5300506491030038,-0.18401806058283637,-0.41415772421445257,0.3806104800106026,-0.45622385675875954,-0.22308604127140308,-0.6847986470066517,1.1055384428787103,0.12055541213013186,1.2109681689504224
1.2102335854875774,1.023854757299797,0.6974650227424183,-0.23493795962351205,0.7742961095333072,1.9371303768180825,-0.24617259119198553,2.587833184611423,1.41365106088537,-0.3915726420311625,0.721849789976624,-0.1892028190916181,1.4297048466621491,1.2964984843443967,1.162691147874665
2.1935997774192555,2.846316366685656,2.4747421138017045,1.7262644408730157,1.9178344855479477,2.8254081435318747,2.480829245602658,0.39349486490326013,0.6181184602999514,-0.7663940848478784,0.6718356047509342,-0.8174884063158413,-0.3353444741469153,0.7693464809228017,-0.030111095034708324
-1.5324629793199516,-2.5668331447743924,-0.2247667704521456,-0.5689397540496809,-1.292871461683465,0.22260782688614134,-1.9404082387661705,-0.241873363922736,0.1274033523906729,-0.4674926216835944,-1.9369812581617452,0.1381985957887182,0.5066214696997572,-1.8871961220781939,0.034670782848402415
-0.9747608128290873,-1.877439385620295,-0.6420425031332313,-0.9928072893202687,-0.306140943969911,-0.4674213221158512,-1.5092160203377483,0.21649738994449325,-1.1746746469664369,-0.2148892235758049,0.20841098036062133,2.1960773806959213,-0.7297884186749262,1.5532016322421351,0.9043713054930116
0.29491336997778844,-0.3942693645332229,1.2236016906777762,0.013336787492592539,0.7754797391788146,0.6995726947073866,-1.3231497089182143,0.9152893055057778,-0.20550284058490553,0.6724722930162297,0.007882618023415194,0.629947393416359,1.333804678253229,0.46388413377364945,-0.8086707020051611
0.009123603329083388,0.9689848818140377,-0.006198814238757183,-0.24087888591254675,1.3299793500227017,0.9871767202126592,-0.5785349350642771,-0.05000935634159135,-1.44579378051786,0.0645473148356146,0.20877820557477897,0.3780974664399587,-0.16210183619525692,0.9032738718435893,-0.8673640831207836
-0.15959166822517662,1.0177721080862718,0.9640217111158028,2.057078456425515,1.8661682382376248,-1.0239928595957386,-0.15789989784862377,-1.8165276283449248,-1.4087466611204174,-0.5447495702143155,-1.2360598757668433,1.6376817618555584,0.16995548449753345,-0.3864173027192717,-0.7570522472787495
-0.28166098308048426,-0.4687844866311015,-0.22449691802937005,1.2159825831897768,0.007918603941229924,-0.1197620556798442,0.28328146037426594,-0.56571191170487,-0.3856777492004453,-0.502323408714443,-0.6205436552236191,0.10554593637537721,0.3940860516059788,-1.6128387752269777,-0.7962728092504895
0.08204080617177743,0.5023024882467025,1.9908668641904668,0.06912006306943286,1.4235193353518683,2.103987740976141,-1.588870888644652,-0.33214571301921025,0.07014592590789735,-0.5346007711207191,-0.07119195442130441,0.2702938940303707,1.8525471949905852,-0.6740781954589244,-1.3556968087580668
-0.4613879908071005,1.4147157268491883,0.6961633052227827,-0.8508935978780596,-1.6031117948645817,-0.7668987862545176,-1.5788431180937461,-0.005531917204447956,-1.0950433864503968,-0.8757697201877265,-1.9788910945672906,-1.3062833241236744,-0.4945541037849112,0.46600212231588634,0.4416507590141855
-0.8060373300873588,-0.5813720960135654,0.1870428342787722,0.8250386307518756,1.8242942799435573,-0.7780095912763931,-2.030832717324081,-1.4298439457472167,0.31576073419441947,0.0256810743952543,-0.4792452210609523,-0.010983051142750602,-0.5502011745344273,1.1413746194855077,0.07622471984347229
-0.4100608681132856,0.1201384611295378,-0.27825824754416245,0.5785368700075177,-1.2083337629700308,-0.9106025290319097,-2.5860792758897504,-0.7819206161807745,0.8267437555282708,-0.15731685412694255,-0.6785856600959517,-1.2576127010180915,-0.8518838462736571,-2.3303465880999084,-1.2219029107843689
1.2168954042350548,0.6052802593733606,-0.7478081438006774,-0.5652092306246077,1.0004686471159356,-0.12715946830351144,1.7424456159869925,1.2229259475376515,0.2686400583942685,1.2014035011910584,0.40610195074035327,-0.989902677962593,0.14525566052512479,-1.1730054664724294,1.0629895313607618
0.9111899038978358,-0.9083487664868193,-0.6205877048232041,0.4263643646246866,0.7567047513690187,-1.4008755445938665,2.2888337571318953,0.02640348982807822,0.8730590083664763,0.5395425974735353,0.22892298639616998,0.6573597633414383,0.1353111386545414,-1.2964073128380866,1.9565591689792305
-0.14645025424107025,0.025022210009459547,0.4479292182276949,0.02384273860090523,1.1052206757857383,-0.3092481104089818,0.7950700264755045,-0.3981452646005456,1.0358353116868608,-0.10694802800502148,-1.0806860637560916,-0.23543760584652096,0.9232726942069367,-1.0219140534692812,-0.12648406887743108
-0.4242687040112976,-1.537179029374621,-0.8965870290679764,0.1534953623117728,0.30047122401358467,-2.02273316753058,-0.6890506840136387,-0.6967156971748896,-0.15352957417286672,-0.8762117549262127,0.9125760458745227,-1.7877418319724434,-1.5503372265662037,-1.2839027323152312,0.30686892192687665
0.7228372029157946,1.3898210568632439,-1.773831142486924,0.6333107870114429,0.23916509696568025,-0.4830645738550412,0.6106777840370788,1.688547239154821,0.06132292102235762,-1.2962744684317147,0.5590663556509546,0.11133500066107409,-0.6665371531367397,-0.2711977882288443,0.4882561090413643
-0.13272531493755313,-0.6957653691619354,-1.0096274768378903,-1.6949273740525446,0.7447285392859441,0.4504580156095668,-1.2978153521220575,-0.7511360906595315,-0.8673570097099388,0.803273035598833,-1.0679771055291762,1.593856830707386,0.32453092016104584,0.33103705740694345,0.044752440343915165
0.2746043078984408,-0.20230183036184032,-1.5725398300724052,1.7003300845435478,-0.26871443334657896,0.4152615732093895,0.08408560553528377,1.4231708554931983,-0.33027509877103184,-0.340910746889715,-0.8763855355896528,0.1836205950839097,0.28374987975390237,0.9429980868826714,-0.5226415834579388
0.2895500466791329,0.567076723089732,1.977632807879404,1.1055352544195929,1.6586622622833422,1.1039918568608384,0.9198242151856205,0.16179679862416213,2.1589216118643657,-0.9727483914415752,1.9639020314980784,-0.6744299495027659,-2.0857962234218737,0.7544711601662701,-0.8006669175950623
-1.3547960549830567,-1.4193120485863857,0.7347051562385868,-1.6258228647771038,-0.5205315769209939,0.2735487436975315,-2.168354870346538,0.582214045410714,-0.11743977900190045,0.6911003881778575,-1.1634297552377921,-0.4853806833693418,0.7458102688252314,0.8641051418384128,-1.1606076126005476
-0.3252843329343039,0.0893637213876064,-0.1732591839365895,-0.556450163166789,0.10009565055637681,-0.9459091159727386,0.04658506188543032,-0.0063456567344116754,-1.2830792214643558,1.1914747898056233,0.5788143854275496,0.4395226666606923,0.6002486657688568,1.6462235739047109,-0.37335059296589945
-0.33422887546681856,0.22847277621598144,0.5456083113035155,-0.29775127422952813,-0.6567034406069223,0.29716816938571256,-0.14964115501169784,-0.04877500036440341,-0.46814940772696234,1.1977926473973215,0.9453477598919912,0.8588712949375483,-0.038110631283665854,0.4339145554996164,-0.8794138830925373
-0.09616268586163375,0.1721518873464601,2.857319143915637,-0.476704330504087,0.48988961973858625,0.6735175045947756,-0.19559798028273986,-0.7459332098020798,-0.7226027202161278,0.37584007136728703,-0.9110791760775424,0.5650093933609421,0.1761292861483636,0.7581811622920889,-1.2936718483448197
-0.12716044892223005,-0.1285926813639218,0.25920205143539077,-1.5515851151724238,0.07661132518678052,3.2979611574144863,1.2755076550724922,-0.885896092992858,-0.5556279016051018,0.300872090880439,0.5718937821749692,-0.334555215202312,1.061715864711839,0.24726191242710197,-0.2835947857026814
-0.12488870387944903,0.045999694563741284,1.592681338926872,-1.0314252016339718,1.2104064378048554,-0.827198594874998,-0.5804196218628516,2.455322423359385,0.2899101143299406,1.511231288303101,-0.48556508864645787,1.337471596331281,0.10916731130418439,0.5618562775571012,-0.4159713541996631
2.2183458994907883,2.3241308380130747,1.233121530176822,2.3450195629334005,1.2417955274845007,0.859455228912983,2.000578404400755,0.7272851708572545,0.7458485066620353,1.9570326787867744,3.453690878079959,1.2138155622533005,0.10214078812080908,-3.1631303751713458,-0.23764666081980046
0.46451581411938886,1.7605472151476822,-0.22072702652885204,-0.549639099260697,-1.1264448543006003,0.3552214928331523,0.1957354940626802,-0.5042459045131178,-0.5787706450425449,1.909049518204032,0.9192907096986747,-0.26100442141742924,1.8629570689294375,0.735869040686514,-1.0129217572260898
0.7638491693915331,0.1601027171664679,0.5186024940169377,0.3566628912050056,-0.6602967891075121,0.8669626296128438,0.035096602370889574,1.9053824325187043,0.42178600703899416,-0.5896468272714369,-1.0202777830440937,1.0710950247190973,-0.34328624392523654,0.14341642853403494,0.25023014414202716
0.3267321389485489,1.513954314693625,0.5748421773047582,1.4797884641451537,1.3090435322894762,3.052653276237312,1.2783273268605015,-0.6561825059783368,0.34711188402698345,1.3995814034122742,0.40766628650787984,-0.012455976429669382,0.5013389778844736,-0.3315798518864204,-1.318086285053414
0.1162488193568076,-0.08604295527519018,1.4456254808670972,1.5305776245120646,1.394585905833177,1.012990410950587,0.6016544899999969,-2.5528304158098685,0.6544832727874996,-1.1216336375008755,-0.8028981570620272,-1.1250536170226157,-0.16718830551426966,-1.0860118258157734,-0.7587490608361673
-0.6104296850198647,0.3467676240698383,0.07833626176439074,-1.377519873494562,-2.54139008175637,-1.8872548609802344,0.45398966233444515,0.16629730938224718,-1.5876398024039025,-0.8218659042034058,-2.7805165715309728,-2.7871005970899247,-1.143606981583494,0.3802005217641845,-2.456725366723851
-1.1416626292230485,-0.1016258761758434,0.0025900977759752974,-0.7936472752290125,-1.4754134548124478,-2.5551284157720486,-2.4340930246601418,-0.15004593558384416,0.22155224983694866,-1.5193187433805466,-0.907956956483038,-0.8615307260842964,1.4597062753933965,-1.0795137368050873,-1.5890119126580786
0.9315174509464909,1.1509423155137788,1.097275951013018,1.1553144925691101,-0.9261743071657287,0.08468002484377357,0.6952387370035055,1.014330596660157,0.048944744406514806,-1.621540256044519,1.455761247190482,-1.2640380198425882,-0.4757750623902314,-1.4063014565996654,1.1395449735116976
0.5256294534811641,-0.5685231641812029,-0.6100945467785217,1.2518134739034001,0.2281814749222039,1.0122031654064316,0.22162463802732285,-1.2131117309929227,-0.33579328868430836,0.7117154967720025,1.0388897261664019,-1.066346422372378,-1.665284656758237,0.4582401628150968,-0.5616785260294853
-0.09464068741160503,1.3884571960865144,-1.3079249442359748,-0.9739433648365803,-1.8138104511361466,-0.6675514855110102,1.048911054310735,0.2559422440710808,0.774438840263743,-1.6689858426867934,-0.5091598480562567,-0.5156022508462613,-0.2549325555238015,1.5043137245592324,1.6197245432510772
-1.6216008984004329,1.061031263793215,-0.7948969015261729,-0.6124883960266254,0.2955928999296251,-0.89052766871792,0.497992870464413,-3.5761956501373175,-0.49099991043669533,-0.9989461804743741,-1.3037360138758234,1.7705333638875824,0.2812477108765158,-0.1254057529819041,-0.4733851187297994
0.43532547587153636,-0.34040084872573584,0.344335851667798,0.10746547001708531,-1.7543549948547132,1.4693882056498857,-1.258092871056852,-0.5472948480208588,0.6755640563298451,1.2072701368146612,-0.1865556423201108,0.31805353556249694,-2.062523743318822,1.0453975143502472,1.7880875708685144
-0.8475140023671388,-0.18032414052010465,-0.5729466600502535,0.2910762257574956,-0.1875384544893968,-0.9255997981806886,0.33307187997560317,-0.4188433136382921,0.4020972406012301,0.12330628618341077,-1.134474640056688,-0.7183931503904413,-0.7442654133967911,0.6125184908329875,-0.26792760741902627
0.9771055955200117,0.8553495636549572,-0.006576835806416659,1.1071054702270242,0.5766682238856762,-1.8351261598097843,0.7496049765069226,0.23300279799461623,0.7806931503166885,-0.5630393937581031,0.3953282737870518,1.16302317993225,1.7968538205328537,-0.0711700812295136,0.08405887679230917
-2.006938045864997,-2.44148220941066,-1.89405406582524,-1.404754553992877,-4.026301163850524,-2.220235456251769,-0.40217611485793625,-0.06215730932577679,-2.719425045222742,-1.9957070451676113,-1.2239730674030354,-1.573483234737628,-2.104416099540887,-0.44560135049018934,0.7037241537044125
1.791551746879124,0.4518614324058593,2.5065311452994066,2.8092880218801746,0.5268667250273956,0.1657300193124962,2.806700656101362,2.510334014107875,-0.23281846516378224,0.661462704686549,0.5682587139455635,-1.3618044449076336,-0.5374301613738952,0.6894693325364044,0.061837233524704716
0.3113378536381294,1.8418713422491377,-0.2582776652936127,-0.34962459995108264,-0.2639153819711355,1.9555419630769244,-1.782659243343762,-0.7172163763126407,0.7917565962102895,0.7133475131333238,0.054629887227206686,0.2661009559438092,-0.7281903959037528,-0.5256589774315361,-0.07404789522880005
0.20509577025341372,0.17449902448814367,0.4554596697053627,1.7227087600763435,0.06643170644751471,0.7976229210003852,0.9830106626209905,-0.3950280281986717,0.04838927606034255,-0.907490700631135,-0.4488200530954934,0.009681853982909367,1.5340542122386616,-0.03151844017456284,-0.3885489949517697
2.0878482601928963,1.5037904833586884,1.4213743558545286,1.3012906354598168,1.3184040072069192,1.3611146081557033,1.2618488779884358,-1.1201221200740277,1.5096592218755767,1.1718227809181774,0.25731397967765024,0.7263170418179155,0.035332542925851924,-0.1546941496248355,1.171748425056576
0.9003128986309463,-0.7884302405201528,2.0077809742016557,0.4216305688110127,-0.3530101704399615,0.49188732849553807,0.6829138506766428,0.9685708179796693,-2.467480787983714,0.10279118146691457,-1.2164473512530554,-0.6671966489403378,0.9151956378764151,-1.163611875617181,0.7903153557675658
-0.038029853960453115,-1.3059788843558282,0.273820860019418,0.045930025746252906,-1.5017114584185771,-0.6983703072351424,-1.2268668863764023,-0.13317750671774328,1.1378094167973696,0.8186020010982886,-1.9053716182417726,-1.3037566795850928,-0.5768942915940134,-1.3743224423279474,-1.1644079383250967
0.54603645674537,2.5830325345856,1.8517637797321505,0.8933119244091138,-0.46402173113214734,-0.264614471184908,0.7710404826089885,-0.4142397664493399,0.8076730586459422,-0.978454711354679,0.5363593316178181,-2.2209472043834646,-2.0042258043695287,0.2574196267462063,-1.6563804668942692
